-- Method 2 Isi Data Default
USE [DBPOS]
GO

--
-- Inserting data into table dbo.MAlamat
--
INSERT [DBPOS].dbo.MAlamat(NoID, Kode, Nama, NamaAlias, Alamat, Kota, HP, Telp, ContactPerson, LimitHutang, LimitPiutang, LimitNotaPiutang, LimitUmurPiutang, IDTypeHarga, IsActive, IsSupplier, IsPegawai, IsCustomer) VALUES (1, N'KRY-00001', N'ADMIN', N'ADMIN', N'-', N'SURABAYA', N'-', N'-', N'ADMIN', 0.00, 0.00, 0, 0, 0, 1, 0, 1, 0)
INSERT [DBPOS].dbo.MAlamat(NoID, Kode, Nama, NamaAlias, Alamat, Kota, HP, Telp, ContactPerson, LimitHutang, LimitPiutang, LimitNotaPiutang, LimitUmurPiutang, IDTypeHarga, IsActive, IsSupplier, IsPegawai, IsCustomer) VALUES (2, N'CUST-00001', N'UMUM', N'UMUM', N'', N'', N'', N'', N'UMUM', 0.00, 99999999.00, 9999, 999, 1, 1, 0, 0, 1)
INSERT [DBPOS].dbo.MAlamat(NoID, Kode, Nama, NamaAlias, Alamat, Kota, HP, Telp, ContactPerson, LimitHutang, LimitPiutang, LimitNotaPiutang, LimitUmurPiutang, IDTypeHarga, IsActive, IsSupplier, IsPegawai, IsCustomer) VALUES (3, N'SUP-00001', N'OPEN SUPPLIER', N'-', N'', N'', N'', N'', N'', 9999999999.00, 0.00, 0, 0, -1, 1, 1, 0, 0)
GO

--
-- Inserting data into table dbo.MGudang
--
INSERT [DBPOS].dbo.MGudang(NoID, Kode, Nama, IsActive) VALUES (1, N'GD', N'GUDANG', 1)
INSERT [DBPOS].dbo.MGudang(NoID, Kode, Nama, IsActive) VALUES (2, N'TK', N'TOKO', 1)
GO

--
-- Inserting data into table dbo.MJenisPembayaran
--
INSERT [DBPOS].dbo.MJenisPembayaran(NoID, Kode, Nama, IsBank, ChargeProsen) VALUES (1, N'Tunai', N'Tunai', 0, 0.00)
INSERT [DBPOS].dbo.MJenisPembayaran(NoID, Kode, Nama, IsBank, ChargeProsen) VALUES (2, N'BCA', N'Debet BCA', 1, 0.00)
INSERT [DBPOS].dbo.MJenisPembayaran(NoID, Kode, Nama, IsBank, ChargeProsen) VALUES (3, N'BNI', N'Debet BNI', 1, 0.00)
INSERT [DBPOS].dbo.MJenisPembayaran(NoID, Kode, Nama, IsBank, ChargeProsen) VALUES (4, N'BRI', N'Debet BRI', 1, 0.00)
INSERT [DBPOS].dbo.MJenisPembayaran(NoID, Kode, Nama, IsBank, ChargeProsen) VALUES (5, N'Mandiri', N'Debet Mandiri', 1, 0.00)
INSERT [DBPOS].dbo.MJenisPembayaran(NoID, Kode, Nama, IsBank, ChargeProsen) VALUES (6, N'CCBCA', N'Credit BCA', 1, 2.50)
INSERT [DBPOS].dbo.MJenisPembayaran(NoID, Kode, Nama, IsBank, ChargeProsen) VALUES (7, N'CCMandiri', N'Credit Mandiri', 1, 2.50)
INSERT [DBPOS].dbo.MJenisPembayaran(NoID, Kode, Nama, IsBank, ChargeProsen) VALUES (8, N'CCLain', N'Credit Lainnya', 1, 2.50)
INSERT [DBPOS].dbo.MJenisPembayaran(NoID, Kode, Nama, IsBank, ChargeProsen) VALUES (9, N'GOPAY', N'GOPAY', 1, 0.00)
INSERT [DBPOS].dbo.MJenisPembayaran(NoID, Kode, Nama, IsBank, ChargeProsen) VALUES (10, N'OVO', N'OVO', 1, 0.00)
GO

--
-- Inserting data into table dbo.MJenisTransaksi
--
INSERT [DBPOS].dbo.MJenisTransaksi(ID, Kode, Nama, Keterangan, IsAuto, TERURUT, IDServerAsal, NoUrut) VALUES (1, N'SA', N'Saldo Awal', N'Saldo Awal', 1, 0, NULL, 1)
INSERT [DBPOS].dbo.MJenisTransaksi(ID, Kode, Nama, Keterangan, IsAuto, TERURUT, IDServerAsal, NoUrut) VALUES (2, N'PB', N'Pembelian', N'Purchase', 1, 0, NULL, 2)
INSERT [DBPOS].dbo.MJenisTransaksi(ID, Kode, Nama, Keterangan, IsAuto, TERURUT, IDServerAsal, NoUrut) VALUES (3, N'RB', N'Retur Pembelian', N'Purchase Return', 1, 0, NULL, 3)
INSERT [DBPOS].dbo.MJenisTransaksi(ID, Kode, Nama, Keterangan, IsAuto, TERURUT, IDServerAsal, NoUrut) VALUES (4, N'MK', N'Mutasi Keluar', N'Mutasi Keluar', 1, 0, NULL, 5)
INSERT [DBPOS].dbo.MJenisTransaksi(ID, Kode, Nama, Keterangan, IsAuto, TERURUT, IDServerAsal, NoUrut) VALUES (5, N'MM', N'Mutasi Masuk', N'Mutasi Masuk', 1, 0, NULL, 6)
INSERT [DBPOS].dbo.MJenisTransaksi(ID, Kode, Nama, Keterangan, IsAuto, TERURUT, IDServerAsal, NoUrut) VALUES (6, N'JL', N'Penjualan', N'Sales', 1, 0, NULL, 11)
INSERT [DBPOS].dbo.MJenisTransaksi(ID, Kode, Nama, Keterangan, IsAuto, TERURUT, IDServerAsal, NoUrut) VALUES (7, N'RJ', N'Retur Penjualan', N'Sales Return', 1, 0, NULL, 12)
INSERT [DBPOS].dbo.MJenisTransaksi(ID, Kode, Nama, Keterangan, IsAuto, TERURUT, IDServerAsal, NoUrut) VALUES (8, N'PB', N'Pemakaian Barang', N'Pemakaian Barang', 1, 0, NULL, 9)
INSERT [DBPOS].dbo.MJenisTransaksi(ID, Kode, Nama, Keterangan, IsAuto, TERURUT, IDServerAsal, NoUrut) VALUES (9, N'STO', N'Stok Opname', N'Stok Opname', 1, 0, NULL, 14)
INSERT [DBPOS].dbo.MJenisTransaksi(ID, Kode, Nama, Keterangan, IsAuto, TERURUT, IDServerAsal, NoUrut) VALUES (10, N'SK', N'Stok Opname -', N'Stok Opname -', 1, 0, NULL, 15)
INSERT [DBPOS].dbo.MJenisTransaksi(ID, Kode, Nama, Keterangan, IsAuto, TERURUT, IDServerAsal, NoUrut) VALUES (11, N'RHB', N'Rubah Harga Beli', N'Rubah Harga Beli', 1, 0, NULL, 4)
INSERT [DBPOS].dbo.MJenisTransaksi(ID, Kode, Nama, Keterangan, IsAuto, TERURUT, IDServerAsal, NoUrut) VALUES (12, N'TO', N'Transfer Out', N'Transfer Out', 1, 0, NULL, 7)
INSERT [DBPOS].dbo.MJenisTransaksi(ID, Kode, Nama, Keterangan, IsAuto, TERURUT, IDServerAsal, NoUrut) VALUES (13, N'TI', N'Transfer IN', N'Transfer IN', 1, 0, NULL, 8)
INSERT [DBPOS].dbo.MJenisTransaksi(ID, Kode, Nama, Keterangan, IsAuto, TERURUT, IDServerAsal, NoUrut) VALUES (14, N'PY', N'Penyesuaian Barang', N'Penyesuaian Barang', 1, 0, NULL, 10)
INSERT [DBPOS].dbo.MJenisTransaksi(ID, Kode, Nama, Keterangan, IsAuto, TERURUT, IDServerAsal, NoUrut) VALUES (15, N'RHJ', N'Rubah Harga Jual', N'Rubah Harga Jual', 1, 0, NULL, 13)
INSERT [DBPOS].dbo.MJenisTransaksi(ID, Kode, Nama, Keterangan, IsAuto, TERURUT, IDServerAsal, NoUrut) VALUES (16, N'TK', N'Transfer Kode', N'Transfer Kode', 1, 0, NULL, 16)
INSERT [DBPOS].dbo.MJenisTransaksi(ID, Kode, Nama, Keterangan, IsAuto, TERURUT, IDServerAsal, NoUrut) VALUES (17, N'PH', N'Pembayaran Hutang/Piutang', N'Pembayaran Hutang/Piutang', 1, 0, NULL, 17)
INSERT [DBPOS].dbo.MJenisTransaksi(ID, Kode, Nama, Keterangan, IsAuto, TERURUT, IDServerAsal, NoUrut) VALUES (18, N'SAK', N'Saldo Akhir', N'Saldo Akhir', 1, 0, NULL, 18)
INSERT [DBPOS].dbo.MJenisTransaksi(ID, Kode, Nama, Keterangan, IsAuto, TERURUT, IDServerAsal, NoUrut) VALUES (19, N'ASM', N'Assembly/Disassembly', N'Assembly/Disassembly', 1, 0, NULL, 19)
INSERT [DBPOS].dbo.MJenisTransaksi(ID, Kode, Nama, Keterangan, IsAuto, TERURUT, IDServerAsal, NoUrut) VALUES (20, N'SOL', N'Stock Opname Online', N'Stock Opname Online', 1, 0, NULL, 20)
INSERT [DBPOS].dbo.MJenisTransaksi(ID, Kode, Nama, Keterangan, IsAuto, TERURUT, IDServerAsal, NoUrut) VALUES (21, N'PP', N'Promo Penjualan', N'Promo Penjualan', 1, 0, NULL, 21)
INSERT [DBPOS].dbo.MJenisTransaksi(ID, Kode, Nama, Keterangan, IsAuto, TERURUT, IDServerAsal, NoUrut) VALUES (25, N'CP', N'Claim Promo Jual', N'Claim Promo PenJualan', 1, 0, NULL, 25)
INSERT [DBPOS].dbo.MJenisTransaksi(ID, Kode, Nama, Keterangan, IsAuto, TERURUT, IDServerAsal, NoUrut) VALUES (100, N'JU', N'Jurnal Umum', N'Jurnal Umum', 1, 0, NULL, 100)
INSERT [DBPOS].dbo.MJenisTransaksi(ID, Kode, Nama, Keterangan, IsAuto, TERURUT, IDServerAsal, NoUrut) VALUES (101, N'BKM', N'Kas/Bank Masuk', N'Kas/Bank Masuk', 1, 0, NULL, 101)
INSERT [DBPOS].dbo.MJenisTransaksi(ID, Kode, Nama, Keterangan, IsAuto, TERURUT, IDServerAsal, NoUrut) VALUES (102, N'BKK', N'Kas/Bank Keluar', N'Kas/Bank Masuk', 1, 0, NULL, 102)
INSERT [DBPOS].dbo.MJenisTransaksi(ID, Kode, Nama, Keterangan, IsAuto, TERURUT, IDServerAsal, NoUrut) VALUES (103, N'GR', N'GIRO', N'Giro', 1, 0, NULL, 103)
INSERT [DBPOS].dbo.MJenisTransaksi(ID, Kode, Nama, Keterangan, IsAuto, TERURUT, IDServerAsal, NoUrut) VALUES (104, N'EOD', N'Cash Opname', N'Cash Opname Kasir', 1, 0, NULL, 104)
INSERT [DBPOS].dbo.MJenisTransaksi(ID, Kode, Nama, Keterangan, IsAuto, TERURUT, IDServerAsal, NoUrut) VALUES (105, N'ASS', N'Pembelian Asset', N'Pembelian Asset', 1, 0, NULL, 105)
INSERT [DBPOS].dbo.MJenisTransaksi(ID, Kode, Nama, Keterangan, IsAuto, TERURUT, IDServerAsal, NoUrut) VALUES (106, N'KRA', N'Koreksi Asset', N'Koreksi Asset', 1, 0, NULL, 106)
INSERT [DBPOS].dbo.MJenisTransaksi(ID, Kode, Nama, Keterangan, IsAuto, TERURUT, IDServerAsal, NoUrut) VALUES (107, N'JLA', N'Penjualan Asset', N'Penjualan Asset', 1, 0, NULL, 107)
INSERT [DBPOS].dbo.MJenisTransaksi(ID, Kode, Nama, Keterangan, IsAuto, TERURUT, IDServerAsal, NoUrut) VALUES (108, N'ADJ', N'Adjustment Stok Minus', N'Adjustment Stok Minus', 1, 0, NULL, 108)
INSERT [DBPOS].dbo.MJenisTransaksi(ID, Kode, Nama, Keterangan, IsAuto, TERURUT, IDServerAsal, NoUrut) VALUES (1001, N'SAH', N'Saldo Awal Hutang', N'Saldo Awal Hutang', 1, 0, NULL, 1)
INSERT [DBPOS].dbo.MJenisTransaksi(ID, Kode, Nama, Keterangan, IsAuto, TERURUT, IDServerAsal, NoUrut) VALUES (1002, N'SAP', N'Saldo Awal Piutang', N'Saldo Awal Piutang', 1, 0, NULL, 1)
GO

--
-- Inserting data into table dbo.MKategori
--
INSERT [DBPOS].dbo.MKategori(NoID, Kode, Nama, IDParent, IsActive) VALUES (1, N'000', N'UNCATEGORIES', -1, 1)
GO

--
-- Inserting data into table dbo.MMenu
--
INSERT [DBPOS].dbo.MMenu(NoID, IDParent, NoUrut, Name, Caption, IsBig, IsBeginGroup, IsActive) VALUES (1, -1, 1, N'mnMaster', N'Master', 0, 0, 1)
INSERT [DBPOS].dbo.MMenu(NoID, IDParent, NoUrut, Name, Caption, IsBig, IsBeginGroup, IsActive) VALUES (2, -1, 2, N'mnSaldoAwal', N'Saldo Awal', 0, 0, 1)
INSERT [DBPOS].dbo.MMenu(NoID, IDParent, NoUrut, Name, Caption, IsBig, IsBeginGroup, IsActive) VALUES (3, -1, 3, N'mnPembelian', N'Pembelian', 0, 0, 1)
INSERT [DBPOS].dbo.MMenu(NoID, IDParent, NoUrut, Name, Caption, IsBig, IsBeginGroup, IsActive) VALUES (4, -1, 4, N'mnPenjualan', N'Penjualan', 0, 0, 1)
INSERT [DBPOS].dbo.MMenu(NoID, IDParent, NoUrut, Name, Caption, IsBig, IsBeginGroup, IsActive) VALUES (5, -1, 5, N'mnInternal', N'Internal', 0, 0, 1)
INSERT [DBPOS].dbo.MMenu(NoID, IDParent, NoUrut, Name, Caption, IsBig, IsBeginGroup, IsActive) VALUES (6, -1, 7, N'mnKasBank', N'Keuangan', 0, 0, 1)
INSERT [DBPOS].dbo.MMenu(NoID, IDParent, NoUrut, Name, Caption, IsBig, IsBeginGroup, IsActive) VALUES (7, -1, 8, N'mnAccounting', N'Akuntansi', 0, 0, 1)
INSERT [DBPOS].dbo.MMenu(NoID, IDParent, NoUrut, Name, Caption, IsBig, IsBeginGroup, IsActive) VALUES (8, -1, 9, N'mnLaporan', N'Laporan', 0, 0, 1)
INSERT [DBPOS].dbo.MMenu(NoID, IDParent, NoUrut, Name, Caption, IsBig, IsBeginGroup, IsActive) VALUES (9, -1, 6, N'mnPabrikasi', N'Pabrikasi', 0, 0, 1)
INSERT [DBPOS].dbo.MMenu(NoID, IDParent, NoUrut, Name, Caption, IsBig, IsBeginGroup, IsActive) VALUES (101, 1, 1, N'mnKategori', N'Data Kategori', 0, 0, 1)
INSERT [DBPOS].dbo.MMenu(NoID, IDParent, NoUrut, Name, Caption, IsBig, IsBeginGroup, IsActive) VALUES (102, 1, 2, N'mnSatuan', N'Data Satuan', 0, 0, 1)
INSERT [DBPOS].dbo.MMenu(NoID, IDParent, NoUrut, Name, Caption, IsBig, IsBeginGroup, IsActive) VALUES (103, 1, 3, N'mnMerk', N'Data Merk', 0, 0, 1)
INSERT [DBPOS].dbo.MMenu(NoID, IDParent, NoUrut, Name, Caption, IsBig, IsBeginGroup, IsActive) VALUES (104, 1, 4, N'mnBarang', N'Daftar Barang', 1, 1, 1)
INSERT [DBPOS].dbo.MMenu(NoID, IDParent, NoUrut, Name, Caption, IsBig, IsBeginGroup, IsActive) VALUES (105, 1, 5, N'mnKontak', N'Data All Kontak (Supplier, Customer, dan Karyawan)', 1, 1, 1)
INSERT [DBPOS].dbo.MMenu(NoID, IDParent, NoUrut, Name, Caption, IsBig, IsBeginGroup, IsActive) VALUES (106, 1, 6, N'mnGudang', N'Data Gudang', 0, 1, 1)
INSERT [DBPOS].dbo.MMenu(NoID, IDParent, NoUrut, Name, Caption, IsBig, IsBeginGroup, IsActive) VALUES (107, 1, 7, N'mnEDC', N'Data EDC', 0, 0, 0)
INSERT [DBPOS].dbo.MMenu(NoID, IDParent, NoUrut, Name, Caption, IsBig, IsBeginGroup, IsActive) VALUES (201, 2, 1, N'mnDaftarSA', N'Daftar Saldo Awal Persediaan', 1, 1, 1)
INSERT [DBPOS].dbo.MMenu(NoID, IDParent, NoUrut, Name, Caption, IsBig, IsBeginGroup, IsActive) VALUES (202, 2, 2, N'mnDaftarSAHS', N'Daftar Saldo Awal Hutang', 1, 1, 1)
INSERT [DBPOS].dbo.MMenu(NoID, IDParent, NoUrut, Name, Caption, IsBig, IsBeginGroup, IsActive) VALUES (203, 2, 3, N'mnDaftarSAPC', N'Daftar Saldo Awal Piutang', 1, 0, 1)
INSERT [DBPOS].dbo.MMenu(NoID, IDParent, NoUrut, Name, Caption, IsBig, IsBeginGroup, IsActive) VALUES (301, 3, 1, N'mnPO', N'Daftar Pesanan', 1, 1, 1)
INSERT [DBPOS].dbo.MMenu(NoID, IDParent, NoUrut, Name, Caption, IsBig, IsBeginGroup, IsActive) VALUES (302, 3, 2, N'mnBeli', N'Daftar Pembelian', 1, 1, 1)
INSERT [DBPOS].dbo.MMenu(NoID, IDParent, NoUrut, Name, Caption, IsBig, IsBeginGroup, IsActive) VALUES (303, 3, 3, N'mnReturBeli', N'Daftar Retur Pembelian', 1, 1, 1)
INSERT [DBPOS].dbo.MMenu(NoID, IDParent, NoUrut, Name, Caption, IsBig, IsBeginGroup, IsActive) VALUES (304, 3, 4, N'mnPPNMasukan', N'Daftar PPN Masukan', 1, 1, 1)
INSERT [DBPOS].dbo.MMenu(NoID, IDParent, NoUrut, Name, Caption, IsBig, IsBeginGroup, IsActive) VALUES (401, 4, 1, N'mnJual', N'Daftar Penjualan', 1, 1, 1)
INSERT [DBPOS].dbo.MMenu(NoID, IDParent, NoUrut, Name, Caption, IsBig, IsBeginGroup, IsActive) VALUES (402, 4, 2, N'mnReturJual', N'Daftar Retur Penjualan', 1, 1, 1)
INSERT [DBPOS].dbo.MMenu(NoID, IDParent, NoUrut, Name, Caption, IsBig, IsBeginGroup, IsActive) VALUES (403, 4, 3, N'mnPPNKeluaran', N'Daftar PPN Keluaran', 1, 1, 1)
INSERT [DBPOS].dbo.MMenu(NoID, IDParent, NoUrut, Name, Caption, IsBig, IsBeginGroup, IsActive) VALUES (501, 5, 1, N'mnPenyesuaianMasuk', N'Daftar Penyesuaian Masuk', 1, 1, 1)
INSERT [DBPOS].dbo.MMenu(NoID, IDParent, NoUrut, Name, Caption, IsBig, IsBeginGroup, IsActive) VALUES (502, 5, 2, N'mnPenyesuaianKeluar', N'Daftar Penyesuaian Keluar', 1, 1, 1)
INSERT [DBPOS].dbo.MMenu(NoID, IDParent, NoUrut, Name, Caption, IsBig, IsBeginGroup, IsActive) VALUES (503, 5, 3, N'mnStockOpname', N'Stock Opname', 1, 1, 1)
INSERT [DBPOS].dbo.MMenu(NoID, IDParent, NoUrut, Name, Caption, IsBig, IsBeginGroup, IsActive) VALUES (504, 5, 4, N'mnMutasiGudang', N'Daftar Mutasi Gudang', 1, 0, 1)
INSERT [DBPOS].dbo.MMenu(NoID, IDParent, NoUrut, Name, Caption, IsBig, IsBeginGroup, IsActive) VALUES (601, 6, 1, N'mnDaftarKasOut', N'Pelunasan Hutang dan Kas Keluar', 1, 1, 1)
INSERT [DBPOS].dbo.MMenu(NoID, IDParent, NoUrut, Name, Caption, IsBig, IsBeginGroup, IsActive) VALUES (602, 6, 2, N'mnDaftarKasIn', N'Pelunasan Piutang dan Kas Masuk', 1, 1, 1)
INSERT [DBPOS].dbo.MMenu(NoID, IDParent, NoUrut, Name, Caption, IsBig, IsBeginGroup, IsActive) VALUES (603, 6, 3, N'mnBiaya', N'Daftar Biaya', 1, 1, 1)
INSERT [DBPOS].dbo.MMenu(NoID, IDParent, NoUrut, Name, Caption, IsBig, IsBeginGroup, IsActive) VALUES (702, 7, 0, N'mnDaftarAkun', N'Daftar Akun', 1, 1, 1)
INSERT [DBPOS].dbo.MMenu(NoID, IDParent, NoUrut, Name, Caption, IsBig, IsBeginGroup, IsActive) VALUES (701, 7, 1, N'mnAcc', N'Daftar Accounting', 1, 1, 0)
INSERT [DBPOS].dbo.MMenu(NoID, IDParent, NoUrut, Name, Caption, IsBig, IsBeginGroup, IsActive) VALUES (801, 8, 1, N'mnKartuStok', N'Laporan Kartu Stok', 1, 1, 1)
INSERT [DBPOS].dbo.MMenu(NoID, IDParent, NoUrut, Name, Caption, IsBig, IsBeginGroup, IsActive) VALUES (802, 8, 2, N'mnSaldoStok', N'Laporan Saldo Stok', 1, 1, 1)
INSERT [DBPOS].dbo.MMenu(NoID, IDParent, NoUrut, Name, Caption, IsBig, IsBeginGroup, IsActive) VALUES (803, 8, 3, N'mnMutasiStok', N'Laporan Mutasi Stok', 1, 1, 1)
INSERT [DBPOS].dbo.MMenu(NoID, IDParent, NoUrut, Name, Caption, IsBig, IsBeginGroup, IsActive) VALUES (804, 8, 4, N'mnLapJual', N'Laporan Penjualan', 1, 1, 1)
INSERT [DBPOS].dbo.MMenu(NoID, IDParent, NoUrut, Name, Caption, IsBig, IsBeginGroup, IsActive) VALUES (805, 8, 5, N'mnLapBeli', N'Laporan Pembelian', 1, 1, 1)
INSERT [DBPOS].dbo.MMenu(NoID, IDParent, NoUrut, Name, Caption, IsBig, IsBeginGroup, IsActive) VALUES (806, 8, 6, N'mnLapAgingHutang', N'Laporan Aging Hutang', 1, 1, 1)
INSERT [DBPOS].dbo.MMenu(NoID, IDParent, NoUrut, Name, Caption, IsBig, IsBeginGroup, IsActive) VALUES (807, 8, 7, N'mnLapAgingPiutang', N'Laporan Aging Piutang', 1, 1, 1)
INSERT [DBPOS].dbo.MMenu(NoID, IDParent, NoUrut, Name, Caption, IsBig, IsBeginGroup, IsActive) VALUES (808, 8, 8, N'mnLapLabaRugi', N'Laporan Laba Rugi (Kotor)', 1, 1, 1)
INSERT [DBPOS].dbo.MMenu(NoID, IDParent, NoUrut, Name, Caption, IsBig, IsBeginGroup, IsActive) VALUES (809, 8, 9, N'mnLapJualLaku', N'Laporan Penjualan Paling Laku', 1, 1, 1)
INSERT [DBPOS].dbo.MMenu(NoID, IDParent, NoUrut, Name, Caption, IsBig, IsBeginGroup, IsActive) VALUES (901, 9, 1, N'mnMaterial', N'Daftar Material / Formula', 1, 0, 1)
INSERT [DBPOS].dbo.MMenu(NoID, IDParent, NoUrut, Name, Caption, IsBig, IsBeginGroup, IsActive) VALUES (902, 9, 2, N'mnWOAssembly', N'Work Order', 1, 1, 1)
INSERT [DBPOS].dbo.MMenu(NoID, IDParent, NoUrut, Name, Caption, IsBig, IsBeginGroup, IsActive) VALUES (903, 9, 3, N'mnAssemblyOut', N'Daftar Pengeluaran Bahan', 1, 1, 1)
INSERT [DBPOS].dbo.MMenu(NoID, IDParent, NoUrut, Name, Caption, IsBig, IsBeginGroup, IsActive) VALUES (904, 9, 4, N'mnAssemblyBiaya', N'Daftar Pencatatan Biaya', 1, 0, 1)
INSERT [DBPOS].dbo.MMenu(NoID, IDParent, NoUrut, Name, Caption, IsBig, IsBeginGroup, IsActive) VALUES (905, 9, 5, N'mnAssemblyHasil', N'Daftar Hasil Produksi', 1, 0, 1)
INSERT [DBPOS].dbo.MMenu(NoID, IDParent, NoUrut, Name, Caption, IsBig, IsBeginGroup, IsActive) VALUES (906, 9, 6, N'mnAssembly', N'Daftar Produksi (Langsung)', 1, 1, 1)
GO

--
-- Inserting data into table dbo.MRole
--
INSERT [DBPOS].dbo.MRole(NoID, [Role], IsSupervisor) VALUES (1, N'ALL', 1)
INSERT [DBPOS].dbo.MRole(NoID, [Role], IsSupervisor) VALUES (2, N'SPV', 1)
INSERT [DBPOS].dbo.MRole(NoID, [Role], IsSupervisor) VALUES (3, N'ADM', 0)
INSERT [DBPOS].dbo.MRole(NoID, [Role], IsSupervisor) VALUES (4, N'KSR', 0)
GO

--
-- Inserting data into table dbo.MRoleD
--
SET IDENTITY_INSERT dbo.MRoleD ON
INSERT dbo.MRoleD(NoID, IDRole, IDMenu, IsActive) VALUES (1, 1, 1, 1)
INSERT dbo.MRoleD(NoID, IDRole, IDMenu, IsActive) VALUES (2, 1, 2, 1)
INSERT dbo.MRoleD(NoID, IDRole, IDMenu, IsActive) VALUES (3, 1, 3, 1)
INSERT dbo.MRoleD(NoID, IDRole, IDMenu, IsActive) VALUES (4, 1, 4, 1)
INSERT dbo.MRoleD(NoID, IDRole, IDMenu, IsActive) VALUES (5, 1, 5, 1)
INSERT dbo.MRoleD(NoID, IDRole, IDMenu, IsActive) VALUES (6, 1, 6, 1)
INSERT dbo.MRoleD(NoID, IDRole, IDMenu, IsActive) VALUES (7, 1, 8, 1)
INSERT dbo.MRoleD(NoID, IDRole, IDMenu, IsActive) VALUES (8, 1, 9, 1)
INSERT dbo.MRoleD(NoID, IDRole, IDMenu, IsActive) VALUES (9, 1, 101, 1)
INSERT dbo.MRoleD(NoID, IDRole, IDMenu, IsActive) VALUES (10, 1, 102, 1)
INSERT dbo.MRoleD(NoID, IDRole, IDMenu, IsActive) VALUES (11, 1, 103, 1)
INSERT dbo.MRoleD(NoID, IDRole, IDMenu, IsActive) VALUES (12, 1, 104, 1)
INSERT dbo.MRoleD(NoID, IDRole, IDMenu, IsActive) VALUES (13, 1, 105, 1)
INSERT dbo.MRoleD(NoID, IDRole, IDMenu, IsActive) VALUES (14, 1, 106, 1)
INSERT dbo.MRoleD(NoID, IDRole, IDMenu, IsActive) VALUES (15, 1, 201, 1)
INSERT dbo.MRoleD(NoID, IDRole, IDMenu, IsActive) VALUES (16, 1, 202, 1)
INSERT dbo.MRoleD(NoID, IDRole, IDMenu, IsActive) VALUES (17, 1, 203, 1)
INSERT dbo.MRoleD(NoID, IDRole, IDMenu, IsActive) VALUES (18, 1, 301, 1)
INSERT dbo.MRoleD(NoID, IDRole, IDMenu, IsActive) VALUES (19, 1, 302, 1)
INSERT dbo.MRoleD(NoID, IDRole, IDMenu, IsActive) VALUES (20, 1, 303, 1)
INSERT dbo.MRoleD(NoID, IDRole, IDMenu, IsActive) VALUES (21, 1, 304, 1)
INSERT dbo.MRoleD(NoID, IDRole, IDMenu, IsActive) VALUES (22, 1, 401, 1)
INSERT dbo.MRoleD(NoID, IDRole, IDMenu, IsActive) VALUES (23, 1, 402, 1)
INSERT dbo.MRoleD(NoID, IDRole, IDMenu, IsActive) VALUES (24, 1, 403, 1)
INSERT dbo.MRoleD(NoID, IDRole, IDMenu, IsActive) VALUES (25, 1, 501, 1)
INSERT dbo.MRoleD(NoID, IDRole, IDMenu, IsActive) VALUES (26, 1, 502, 1)
INSERT dbo.MRoleD(NoID, IDRole, IDMenu, IsActive) VALUES (27, 1, 503, 1)
INSERT dbo.MRoleD(NoID, IDRole, IDMenu, IsActive) VALUES (28, 1, 504, 1)
INSERT dbo.MRoleD(NoID, IDRole, IDMenu, IsActive) VALUES (29, 1, 601, 1)
INSERT dbo.MRoleD(NoID, IDRole, IDMenu, IsActive) VALUES (30, 1, 602, 1)
INSERT dbo.MRoleD(NoID, IDRole, IDMenu, IsActive) VALUES (31, 1, 603, 1)
INSERT dbo.MRoleD(NoID, IDRole, IDMenu, IsActive) VALUES (32, 1, 801, 1)
INSERT dbo.MRoleD(NoID, IDRole, IDMenu, IsActive) VALUES (33, 1, 802, 1)
INSERT dbo.MRoleD(NoID, IDRole, IDMenu, IsActive) VALUES (34, 1, 803, 1)
INSERT dbo.MRoleD(NoID, IDRole, IDMenu, IsActive) VALUES (35, 1, 804, 1)
INSERT dbo.MRoleD(NoID, IDRole, IDMenu, IsActive) VALUES (36, 1, 805, 1)
INSERT dbo.MRoleD(NoID, IDRole, IDMenu, IsActive) VALUES (37, 1, 806, 1)
INSERT dbo.MRoleD(NoID, IDRole, IDMenu, IsActive) VALUES (38, 1, 807, 1)
INSERT dbo.MRoleD(NoID, IDRole, IDMenu, IsActive) VALUES (39, 1, 808, 1)
INSERT dbo.MRoleD(NoID, IDRole, IDMenu, IsActive) VALUES (40, 1, 809, 1)
INSERT dbo.MRoleD(NoID, IDRole, IDMenu, IsActive) VALUES (41, 1, 901, 1)
INSERT dbo.MRoleD(NoID, IDRole, IDMenu, IsActive) VALUES (42, 1, 902, 1)
INSERT dbo.MRoleD(NoID, IDRole, IDMenu, IsActive) VALUES (43, 1, 903, 1)
INSERT dbo.MRoleD(NoID, IDRole, IDMenu, IsActive) VALUES (44, 1, 904, 1)
INSERT dbo.MRoleD(NoID, IDRole, IDMenu, IsActive) VALUES (45, 1, 905, 1)
INSERT dbo.MRoleD(NoID, IDRole, IDMenu, IsActive) VALUES (46, 1, 906, 1)
INSERT dbo.MRoleD(NoID, IDRole, IDMenu, IsActive) VALUES (47, 2, 1, 1)
INSERT dbo.MRoleD(NoID, IDRole, IDMenu, IsActive) VALUES (48, 2, 2, 1)
INSERT dbo.MRoleD(NoID, IDRole, IDMenu, IsActive) VALUES (49, 2, 3, 1)
INSERT dbo.MRoleD(NoID, IDRole, IDMenu, IsActive) VALUES (50, 2, 4, 1)
INSERT dbo.MRoleD(NoID, IDRole, IDMenu, IsActive) VALUES (51, 2, 5, 1)
INSERT dbo.MRoleD(NoID, IDRole, IDMenu, IsActive) VALUES (52, 2, 6, 1)
INSERT dbo.MRoleD(NoID, IDRole, IDMenu, IsActive) VALUES (53, 2, 8, 1)
INSERT dbo.MRoleD(NoID, IDRole, IDMenu, IsActive) VALUES (54, 2, 9, 1)
INSERT dbo.MRoleD(NoID, IDRole, IDMenu, IsActive) VALUES (55, 2, 101, 1)
INSERT dbo.MRoleD(NoID, IDRole, IDMenu, IsActive) VALUES (56, 2, 102, 1)
INSERT dbo.MRoleD(NoID, IDRole, IDMenu, IsActive) VALUES (57, 2, 103, 1)
INSERT dbo.MRoleD(NoID, IDRole, IDMenu, IsActive) VALUES (58, 2, 104, 1)
INSERT dbo.MRoleD(NoID, IDRole, IDMenu, IsActive) VALUES (59, 2, 105, 1)
INSERT dbo.MRoleD(NoID, IDRole, IDMenu, IsActive) VALUES (60, 2, 106, 1)
INSERT dbo.MRoleD(NoID, IDRole, IDMenu, IsActive) VALUES (61, 2, 201, 1)
INSERT dbo.MRoleD(NoID, IDRole, IDMenu, IsActive) VALUES (62, 2, 202, 1)
INSERT dbo.MRoleD(NoID, IDRole, IDMenu, IsActive) VALUES (63, 2, 203, 1)
INSERT dbo.MRoleD(NoID, IDRole, IDMenu, IsActive) VALUES (64, 2, 301, 1)
INSERT dbo.MRoleD(NoID, IDRole, IDMenu, IsActive) VALUES (65, 2, 302, 1)
INSERT dbo.MRoleD(NoID, IDRole, IDMenu, IsActive) VALUES (66, 2, 303, 1)
INSERT dbo.MRoleD(NoID, IDRole, IDMenu, IsActive) VALUES (67, 2, 304, 1)
INSERT dbo.MRoleD(NoID, IDRole, IDMenu, IsActive) VALUES (68, 2, 401, 1)
INSERT dbo.MRoleD(NoID, IDRole, IDMenu, IsActive) VALUES (69, 2, 402, 1)
INSERT dbo.MRoleD(NoID, IDRole, IDMenu, IsActive) VALUES (70, 2, 403, 1)
INSERT dbo.MRoleD(NoID, IDRole, IDMenu, IsActive) VALUES (71, 2, 501, 1)
INSERT dbo.MRoleD(NoID, IDRole, IDMenu, IsActive) VALUES (72, 2, 502, 1)
INSERT dbo.MRoleD(NoID, IDRole, IDMenu, IsActive) VALUES (73, 2, 503, 1)
INSERT dbo.MRoleD(NoID, IDRole, IDMenu, IsActive) VALUES (74, 2, 504, 1)
INSERT dbo.MRoleD(NoID, IDRole, IDMenu, IsActive) VALUES (75, 2, 601, 1)
INSERT dbo.MRoleD(NoID, IDRole, IDMenu, IsActive) VALUES (76, 2, 602, 1)
INSERT dbo.MRoleD(NoID, IDRole, IDMenu, IsActive) VALUES (77, 2, 603, 1)
INSERT dbo.MRoleD(NoID, IDRole, IDMenu, IsActive) VALUES (78, 2, 801, 1)
INSERT dbo.MRoleD(NoID, IDRole, IDMenu, IsActive) VALUES (79, 2, 802, 1)
INSERT dbo.MRoleD(NoID, IDRole, IDMenu, IsActive) VALUES (80, 2, 803, 1)
INSERT dbo.MRoleD(NoID, IDRole, IDMenu, IsActive) VALUES (81, 2, 804, 1)
INSERT dbo.MRoleD(NoID, IDRole, IDMenu, IsActive) VALUES (82, 2, 805, 1)
INSERT dbo.MRoleD(NoID, IDRole, IDMenu, IsActive) VALUES (83, 2, 806, 1)
INSERT dbo.MRoleD(NoID, IDRole, IDMenu, IsActive) VALUES (84, 2, 807, 1)
INSERT dbo.MRoleD(NoID, IDRole, IDMenu, IsActive) VALUES (85, 2, 808, 1)
INSERT dbo.MRoleD(NoID, IDRole, IDMenu, IsActive) VALUES (86, 2, 809, 1)
INSERT dbo.MRoleD(NoID, IDRole, IDMenu, IsActive) VALUES (87, 2, 901, 1)
INSERT dbo.MRoleD(NoID, IDRole, IDMenu, IsActive) VALUES (88, 2, 902, 1)
INSERT dbo.MRoleD(NoID, IDRole, IDMenu, IsActive) VALUES (89, 2, 903, 1)
INSERT dbo.MRoleD(NoID, IDRole, IDMenu, IsActive) VALUES (90, 2, 904, 1)
INSERT dbo.MRoleD(NoID, IDRole, IDMenu, IsActive) VALUES (91, 2, 905, 1)
INSERT dbo.MRoleD(NoID, IDRole, IDMenu, IsActive) VALUES (92, 2, 906, 1)
INSERT dbo.MRoleD(NoID, IDRole, IDMenu, IsActive) VALUES (93, 3, 1, 1)
INSERT dbo.MRoleD(NoID, IDRole, IDMenu, IsActive) VALUES (94, 3, 2, 1)
INSERT dbo.MRoleD(NoID, IDRole, IDMenu, IsActive) VALUES (95, 3, 3, 1)
INSERT dbo.MRoleD(NoID, IDRole, IDMenu, IsActive) VALUES (96, 3, 4, 1)
INSERT dbo.MRoleD(NoID, IDRole, IDMenu, IsActive) VALUES (97, 3, 5, 1)
INSERT dbo.MRoleD(NoID, IDRole, IDMenu, IsActive) VALUES (98, 3, 6, 1)
INSERT dbo.MRoleD(NoID, IDRole, IDMenu, IsActive) VALUES (99, 3, 8, 1)
INSERT dbo.MRoleD(NoID, IDRole, IDMenu, IsActive) VALUES (100, 3, 9, 1)
INSERT dbo.MRoleD(NoID, IDRole, IDMenu, IsActive) VALUES (101, 3, 101, 1)
INSERT dbo.MRoleD(NoID, IDRole, IDMenu, IsActive) VALUES (102, 3, 102, 1)
INSERT dbo.MRoleD(NoID, IDRole, IDMenu, IsActive) VALUES (103, 3, 103, 1)
INSERT dbo.MRoleD(NoID, IDRole, IDMenu, IsActive) VALUES (104, 3, 104, 1)
INSERT dbo.MRoleD(NoID, IDRole, IDMenu, IsActive) VALUES (105, 3, 105, 1)
INSERT dbo.MRoleD(NoID, IDRole, IDMenu, IsActive) VALUES (106, 3, 106, 1)
INSERT dbo.MRoleD(NoID, IDRole, IDMenu, IsActive) VALUES (107, 3, 201, 1)
INSERT dbo.MRoleD(NoID, IDRole, IDMenu, IsActive) VALUES (108, 3, 202, 1)
INSERT dbo.MRoleD(NoID, IDRole, IDMenu, IsActive) VALUES (109, 3, 203, 1)
INSERT dbo.MRoleD(NoID, IDRole, IDMenu, IsActive) VALUES (110, 3, 301, 1)
INSERT dbo.MRoleD(NoID, IDRole, IDMenu, IsActive) VALUES (111, 3, 302, 1)
INSERT dbo.MRoleD(NoID, IDRole, IDMenu, IsActive) VALUES (112, 3, 303, 1)
INSERT dbo.MRoleD(NoID, IDRole, IDMenu, IsActive) VALUES (113, 3, 304, 1)
INSERT dbo.MRoleD(NoID, IDRole, IDMenu, IsActive) VALUES (114, 3, 401, 1)
INSERT dbo.MRoleD(NoID, IDRole, IDMenu, IsActive) VALUES (115, 3, 402, 1)
INSERT dbo.MRoleD(NoID, IDRole, IDMenu, IsActive) VALUES (116, 3, 403, 1)
INSERT dbo.MRoleD(NoID, IDRole, IDMenu, IsActive) VALUES (117, 3, 501, 1)
INSERT dbo.MRoleD(NoID, IDRole, IDMenu, IsActive) VALUES (118, 3, 502, 1)
INSERT dbo.MRoleD(NoID, IDRole, IDMenu, IsActive) VALUES (119, 3, 503, 1)
INSERT dbo.MRoleD(NoID, IDRole, IDMenu, IsActive) VALUES (120, 3, 504, 1)
INSERT dbo.MRoleD(NoID, IDRole, IDMenu, IsActive) VALUES (121, 3, 601, 1)
INSERT dbo.MRoleD(NoID, IDRole, IDMenu, IsActive) VALUES (122, 3, 602, 1)
INSERT dbo.MRoleD(NoID, IDRole, IDMenu, IsActive) VALUES (123, 3, 603, 1)
INSERT dbo.MRoleD(NoID, IDRole, IDMenu, IsActive) VALUES (124, 3, 801, 1)
INSERT dbo.MRoleD(NoID, IDRole, IDMenu, IsActive) VALUES (125, 3, 802, 1)
INSERT dbo.MRoleD(NoID, IDRole, IDMenu, IsActive) VALUES (126, 3, 803, 1)
INSERT dbo.MRoleD(NoID, IDRole, IDMenu, IsActive) VALUES (127, 3, 804, 1)
INSERT dbo.MRoleD(NoID, IDRole, IDMenu, IsActive) VALUES (128, 3, 805, 1)
INSERT dbo.MRoleD(NoID, IDRole, IDMenu, IsActive) VALUES (129, 3, 806, 1)
INSERT dbo.MRoleD(NoID, IDRole, IDMenu, IsActive) VALUES (130, 3, 807, 1)
INSERT dbo.MRoleD(NoID, IDRole, IDMenu, IsActive) VALUES (131, 3, 808, 1)
INSERT dbo.MRoleD(NoID, IDRole, IDMenu, IsActive) VALUES (132, 3, 809, 1)
INSERT dbo.MRoleD(NoID, IDRole, IDMenu, IsActive) VALUES (133, 3, 901, 1)
INSERT dbo.MRoleD(NoID, IDRole, IDMenu, IsActive) VALUES (134, 3, 902, 1)
INSERT dbo.MRoleD(NoID, IDRole, IDMenu, IsActive) VALUES (135, 3, 903, 1)
INSERT dbo.MRoleD(NoID, IDRole, IDMenu, IsActive) VALUES (136, 3, 904, 1)
INSERT dbo.MRoleD(NoID, IDRole, IDMenu, IsActive) VALUES (137, 3, 905, 1)
INSERT dbo.MRoleD(NoID, IDRole, IDMenu, IsActive) VALUES (138, 3, 906, 1)
INSERT dbo.MRoleD(NoID, IDRole, IDMenu, IsActive) VALUES (139, 4, 1, 1)
INSERT dbo.MRoleD(NoID, IDRole, IDMenu, IsActive) VALUES (140, 4, 2, 1)
INSERT dbo.MRoleD(NoID, IDRole, IDMenu, IsActive) VALUES (141, 4, 3, 1)
INSERT dbo.MRoleD(NoID, IDRole, IDMenu, IsActive) VALUES (142, 4, 4, 1)
INSERT dbo.MRoleD(NoID, IDRole, IDMenu, IsActive) VALUES (143, 4, 5, 1)
INSERT dbo.MRoleD(NoID, IDRole, IDMenu, IsActive) VALUES (144, 4, 6, 1)
INSERT dbo.MRoleD(NoID, IDRole, IDMenu, IsActive) VALUES (145, 4, 8, 1)
INSERT dbo.MRoleD(NoID, IDRole, IDMenu, IsActive) VALUES (146, 4, 9, 1)
INSERT dbo.MRoleD(NoID, IDRole, IDMenu, IsActive) VALUES (147, 4, 101, 1)
INSERT dbo.MRoleD(NoID, IDRole, IDMenu, IsActive) VALUES (148, 4, 102, 1)
INSERT dbo.MRoleD(NoID, IDRole, IDMenu, IsActive) VALUES (149, 4, 103, 1)
INSERT dbo.MRoleD(NoID, IDRole, IDMenu, IsActive) VALUES (150, 4, 104, 1)
INSERT dbo.MRoleD(NoID, IDRole, IDMenu, IsActive) VALUES (151, 4, 105, 1)
INSERT dbo.MRoleD(NoID, IDRole, IDMenu, IsActive) VALUES (152, 4, 106, 1)
INSERT dbo.MRoleD(NoID, IDRole, IDMenu, IsActive) VALUES (153, 4, 201, 1)
INSERT dbo.MRoleD(NoID, IDRole, IDMenu, IsActive) VALUES (154, 4, 202, 1)
INSERT dbo.MRoleD(NoID, IDRole, IDMenu, IsActive) VALUES (155, 4, 203, 1)
INSERT dbo.MRoleD(NoID, IDRole, IDMenu, IsActive) VALUES (156, 4, 301, 1)
INSERT dbo.MRoleD(NoID, IDRole, IDMenu, IsActive) VALUES (157, 4, 302, 1)
INSERT dbo.MRoleD(NoID, IDRole, IDMenu, IsActive) VALUES (158, 4, 303, 1)
INSERT dbo.MRoleD(NoID, IDRole, IDMenu, IsActive) VALUES (159, 4, 304, 1)
INSERT dbo.MRoleD(NoID, IDRole, IDMenu, IsActive) VALUES (160, 4, 401, 1)
INSERT dbo.MRoleD(NoID, IDRole, IDMenu, IsActive) VALUES (161, 4, 402, 1)
INSERT dbo.MRoleD(NoID, IDRole, IDMenu, IsActive) VALUES (162, 4, 403, 1)
INSERT dbo.MRoleD(NoID, IDRole, IDMenu, IsActive) VALUES (163, 4, 501, 1)
INSERT dbo.MRoleD(NoID, IDRole, IDMenu, IsActive) VALUES (164, 4, 502, 1)
INSERT dbo.MRoleD(NoID, IDRole, IDMenu, IsActive) VALUES (165, 4, 503, 1)
INSERT dbo.MRoleD(NoID, IDRole, IDMenu, IsActive) VALUES (166, 4, 504, 1)
INSERT dbo.MRoleD(NoID, IDRole, IDMenu, IsActive) VALUES (167, 4, 601, 1)
INSERT dbo.MRoleD(NoID, IDRole, IDMenu, IsActive) VALUES (168, 4, 602, 1)
INSERT dbo.MRoleD(NoID, IDRole, IDMenu, IsActive) VALUES (169, 4, 603, 1)
INSERT dbo.MRoleD(NoID, IDRole, IDMenu, IsActive) VALUES (170, 4, 801, 1)
INSERT dbo.MRoleD(NoID, IDRole, IDMenu, IsActive) VALUES (171, 4, 802, 1)
INSERT dbo.MRoleD(NoID, IDRole, IDMenu, IsActive) VALUES (172, 4, 803, 1)
INSERT dbo.MRoleD(NoID, IDRole, IDMenu, IsActive) VALUES (173, 4, 804, 1)
INSERT dbo.MRoleD(NoID, IDRole, IDMenu, IsActive) VALUES (174, 4, 805, 1)
INSERT dbo.MRoleD(NoID, IDRole, IDMenu, IsActive) VALUES (175, 4, 806, 1)
INSERT dbo.MRoleD(NoID, IDRole, IDMenu, IsActive) VALUES (176, 4, 807, 1)
INSERT dbo.MRoleD(NoID, IDRole, IDMenu, IsActive) VALUES (177, 4, 808, 1)
INSERT dbo.MRoleD(NoID, IDRole, IDMenu, IsActive) VALUES (178, 4, 809, 1)
INSERT dbo.MRoleD(NoID, IDRole, IDMenu, IsActive) VALUES (179, 4, 901, 1)
INSERT dbo.MRoleD(NoID, IDRole, IDMenu, IsActive) VALUES (180, 4, 902, 1)
INSERT dbo.MRoleD(NoID, IDRole, IDMenu, IsActive) VALUES (181, 4, 903, 1)
INSERT dbo.MRoleD(NoID, IDRole, IDMenu, IsActive) VALUES (182, 4, 904, 1)
INSERT dbo.MRoleD(NoID, IDRole, IDMenu, IsActive) VALUES (183, 4, 905, 1)
INSERT dbo.MRoleD(NoID, IDRole, IDMenu, IsActive) VALUES (184, 4, 906, 1)
SET IDENTITY_INSERT dbo.MRoleD OFF
GO

--
-- Inserting data into table dbo.MSatuan
--
INSERT [DBPOS].dbo.MSatuan(NoID, Kode, Nama, Konversi, IsActive) VALUES (1, N'PCS', N'PCS', 1, 1)
INSERT [DBPOS].dbo.MSatuan(NoID, Kode, Nama, Konversi, IsActive) VALUES (2, N'BIJI', N'BIJI', 1, 1)
INSERT [DBPOS].dbo.MSatuan(NoID, Kode, Nama, Konversi, IsActive) VALUES (3, N'DUS', N'DUS', 1, 1)
INSERT [DBPOS].dbo.MSatuan(NoID, Kode, Nama, Konversi, IsActive) VALUES (4, N'IKAT', N'IKAT', 1, 1)
INSERT [DBPOS].dbo.MSatuan(NoID, Kode, Nama, Konversi, IsActive) VALUES (5, N'KALENG', N'KALENG', 1, 1)
INSERT [DBPOS].dbo.MSatuan(NoID, Kode, Nama, Konversi, IsActive) VALUES (6, N'LEMBAR', N'LEMBAR', 1, 1)
INSERT [DBPOS].dbo.MSatuan(NoID, Kode, Nama, Konversi, IsActive) VALUES (7, N'METER', N'METER', 1, 1)
INSERT [DBPOS].dbo.MSatuan(NoID, Kode, Nama, Konversi, IsActive) VALUES (8, N'PAKET', N'PAKET', 1, 1)
INSERT [DBPOS].dbo.MSatuan(NoID, Kode, Nama, Konversi, IsActive) VALUES (9, N'RIT', N'RIT', 1, 1)
INSERT [DBPOS].dbo.MSatuan(NoID, Kode, Nama, Konversi, IsActive) VALUES (10, N'SAK', N'SAK', 1, 1)
INSERT [DBPOS].dbo.MSatuan(NoID, Kode, Nama, Konversi, IsActive) VALUES (11, N'UNIT', N'UNIT', 1, 1)
INSERT [DBPOS].dbo.MSatuan(NoID, Kode, Nama, Konversi, IsActive) VALUES (12, N'BATANG', N'BATANG', 1, 1)
GO

--
-- Inserting data into table dbo.MSetting
--
INSERT [DBPOS].dbo.MSetting(KeySettings, KeyValue) VALUES (N'AlamatPerusahaan', N'Krian Sejahtera Indah Cluster Bagus Blok B6 No 7 - GAMPING - KRIAN')
INSERT [DBPOS].dbo.MSetting(KeySettings, KeyValue) VALUES (N'KotaPerusahaan', N'Sidoarjo')
INSERT [DBPOS].dbo.MSetting(KeySettings, KeyValue) VALUES (N'NamaPerusahaan', N'CTrl Mart')
INSERT [DBPOS].dbo.MSetting(KeySettings, KeyValue) VALUES (N'PathLayouts', N'@PathsLayouts')
GO

--
-- Inserting data into table dbo.MTypeHarga
--
INSERT [DBPOS].dbo.MTypeHarga(NoID, Caption, FieldName) VALUES (1, N'Harga Retail', N'HargaJual')
INSERT [DBPOS].dbo.MTypeHarga(NoID, Caption, FieldName) VALUES (2, N'Harga Grosir', N'HargaJualB')
GO

--
-- Inserting data into table dbo.MTypePajak
--
INSERT [DBPOS].dbo.MTypePajak(NoID, TypePajak) VALUES (0, N'Non Pajak')
INSERT [DBPOS].dbo.MTypePajak(NoID, TypePajak) VALUES (1, N'Include')
INSERT [DBPOS].dbo.MTypePajak(NoID, TypePajak) VALUES (2, N'Exclude')
GO

--
-- Inserting data into table dbo.MUser
--
INSERT [DBPOS].dbo.MUser(NoID, Kode, Nama, Pwd, IDAlamat, IDRole) VALUES (99, N'ADM', N'ADMINISTRATOR', N'ADM', -1, 1)
INSERT [DBPOS].dbo.MUser(NoID, Kode, Nama, Pwd, IDAlamat, IDRole) VALUES (100, N'SPV', N'SUPERVISOR', N'SPV', -1, 2)
GO

--
-- Inserting data into table dbo.TAppDB
--
SET IDENTITY_INSERT [DBPOS].dbo.TAppDB ON
INSERT [DBPOS].dbo.TAppDB(NoID, Tanggal, DBVersion) VALUES (18, '2020-07-26 00:00:00.000', N'TglUpdate_200726')
INSERT [DBPOS].dbo.TAppDB(NoID, Tanggal, DBVersion) VALUES (19, '2020-07-26 00:00:00.000', N'MStockOpname_200726')
INSERT [DBPOS].dbo.TAppDB(NoID, Tanggal, DBVersion) VALUES (20, '2020-07-26 00:00:00.000', N'spDaftarStockOpname_200726')
INSERT [DBPOS].dbo.TAppDB(NoID, Tanggal, DBVersion) VALUES (21, '2020-07-26 00:00:00.000', N'spFakturMStockOpname_200726')
INSERT [DBPOS].dbo.TAppDB(NoID, Tanggal, DBVersion) VALUES (22, '2020-07-26 00:00:00.000', N'spSimpanMStockOpname_200726')
INSERT [DBPOS].dbo.TAppDB(NoID, Tanggal, DBVersion) VALUES (23, '2020-09-06 00:00:00.000', N'MJenisTransaksiD_200906')
INSERT [DBPOS].dbo.TAppDB(NoID, Tanggal, DBVersion) VALUES (24, '2020-09-06 00:00:00.000', N'MPOS_200906')
INSERT [DBPOS].dbo.TAppDB(NoID, Tanggal, DBVersion) VALUES (25, '2020-09-06 00:00:00.000', N'MReset_200906')
INSERT [DBPOS].dbo.TAppDB(NoID, Tanggal, DBVersion) VALUES (26, '2020-09-06 00:00:00.000', N'MResetD_200906')
INSERT [DBPOS].dbo.TAppDB(NoID, Tanggal, DBVersion) VALUES (27, '2020-09-16 00:00:00.000', N'spKasBank_2000916')
INSERT [DBPOS].dbo.TAppDB(NoID, Tanggal, DBVersion) VALUES (28, '2020-09-16 00:00:00.000', N'mnSaldoAwal_2000916')
INSERT [DBPOS].dbo.TAppDB(NoID, Tanggal, DBVersion) VALUES (29, '2020-09-16 00:00:00.000', N'MSaldoAwalPersediaan_2000916')
INSERT [DBPOS].dbo.TAppDB(NoID, Tanggal, DBVersion) VALUES (30, '2020-09-16 00:00:00.000', N'spMSaldoAwalPersediaan_200916')
INSERT [DBPOS].dbo.TAppDB(NoID, Tanggal, DBVersion) VALUES (31, '2020-09-16 00:00:00.000', N'spFakturMSaldoAwalPersediaan_200916')
INSERT [DBPOS].dbo.TAppDB(NoID, Tanggal, DBVersion) VALUES (32, '2020-09-16 00:00:00.000', N'spSimpanMSaldoAwalPersediaan_200916')
INSERT [DBPOS].dbo.TAppDB(NoID, Tanggal, DBVersion) VALUES (36, '2020-09-16 00:00:00.000', N'JenisTransaksi_200916')
INSERT [DBPOS].dbo.TAppDB(NoID, Tanggal, DBVersion) VALUES (37, '2020-09-22 00:00:00.000', N'MSaldoAwalPiutang_200922')
INSERT [DBPOS].dbo.TAppDB(NoID, Tanggal, DBVersion) VALUES (38, '2020-09-22 00:00:00.000', N'MSaldoAwalHutang_200922')
INSERT [DBPOS].dbo.TAppDB(NoID, Tanggal, DBVersion) VALUES (39, '2020-09-22 00:00:00.000', N'spFakturMSaldoAwalHutang_200922')
INSERT [DBPOS].dbo.TAppDB(NoID, Tanggal, DBVersion) VALUES (40, '2020-09-22 00:00:00.000', N'spFakturMSaldoAwalPiutang_200922')
INSERT [DBPOS].dbo.TAppDB(NoID, Tanggal, DBVersion) VALUES (41, '2020-09-22 00:00:00.000', N'spSimpanMSaldoAwalHutang_200922')
INSERT [DBPOS].dbo.TAppDB(NoID, Tanggal, DBVersion) VALUES (42, '2020-09-22 00:00:00.000', N'spSimpanMSaldoAwalPiutang_200922')
INSERT [DBPOS].dbo.TAppDB(NoID, Tanggal, DBVersion) VALUES (43, '2020-09-22 00:00:00.000', N'spSaldoAwalPersediaan_200922')
INSERT [DBPOS].dbo.TAppDB(NoID, Tanggal, DBVersion) VALUES (44, '2020-09-22 00:00:00.000', N'spDaftarSaldoAwalPersediaan_200922')
INSERT [DBPOS].dbo.TAppDB(NoID, Tanggal, DBVersion) VALUES (45, '2020-09-22 00:00:00.000', N'spDaftarSaldoAwalHutang_200922')
INSERT [DBPOS].dbo.TAppDB(NoID, Tanggal, DBVersion) VALUES (46, '2020-09-22 00:00:00.000', N'spDaftarSaldoAwalPiutang_200922')
INSERT [DBPOS].dbo.TAppDB(NoID, Tanggal, DBVersion) VALUES (47, '2020-09-22 00:00:00.000', N'MKasIN_200922')
INSERT [DBPOS].dbo.TAppDB(NoID, Tanggal, DBVersion) VALUES (48, '2020-09-22 00:00:00.000', N'MKasOut_200922')
INSERT [DBPOS].dbo.TAppDB(NoID, Tanggal, DBVersion) VALUES (49, '2021-06-23 00:00:00.000', N'MMaterial_210623')
INSERT [DBPOS].dbo.TAppDB(NoID, Tanggal, DBVersion) VALUES (50, '2021-06-23 00:00:00.000', N'MWOAssembly_210623')
INSERT [DBPOS].dbo.TAppDB(NoID, Tanggal, DBVersion) VALUES (51, '2021-06-23 00:00:00.000', N'MAssembly_210623')
INSERT [DBPOS].dbo.TAppDB(NoID, Tanggal, DBVersion) VALUES (52, '2021-06-23 00:00:00.000', N'MMaterialDSisa_210623')
INSERT [DBPOS].dbo.TAppDB(NoID, Tanggal, DBVersion) VALUES (53, '2021-06-23 00:00:00.000', N'MAssemblyDSisa_210623')
INSERT [DBPOS].dbo.TAppDB(NoID, Tanggal, DBVersion) VALUES (54, '2021-06-23 00:00:00.000', N'MMaterialDBiaya_210623')
INSERT [DBPOS].dbo.TAppDB(NoID, Tanggal, DBVersion) VALUES (55, '2021-06-23 00:00:00.000', N'MAssemblyDBiaya_210623')
INSERT [DBPOS].dbo.TAppDB(NoID, Tanggal, DBVersion) VALUES (56, '2021-06-23 00:00:00.000', N'MMaterialD_210623')
INSERT [DBPOS].dbo.TAppDB(NoID, Tanggal, DBVersion) VALUES (57, '2021-06-27 00:00:00.000', N'Isi_MKlasAkun_210627')
INSERT [DBPOS].dbo.TAppDB(NoID, Tanggal, DBVersion) VALUES (58, '2021-06-27 00:00:00.000', N'Isi_MAkun_210627')
INSERT [DBPOS].dbo.TAppDB(NoID, Tanggal, DBVersion) VALUES (59, '2021-06-27 00:00:00.000', N'MKlasAkun_210627')
INSERT [DBPOS].dbo.TAppDB(NoID, Tanggal, DBVersion) VALUES (60, '2021-06-27 00:00:00.000', N'MAkun_210627')
INSERT [DBPOS].dbo.TAppDB(NoID, Tanggal, DBVersion) VALUES (61, '2021-06-23 00:00:00.000', N'MAssemblyD_210623')
SET IDENTITY_INSERT [DBPOS].dbo.TAppDB OFF
GO

--
-- Inserting data into table dbo.MKlasAkun
--
INSERT dbo.MKlasAkun(ID, NoUrut, Klasifikasi, Debet, Neraca) VALUES ('6c43cf12-8c53-4057-be4a-01844f3a85a5', 17, N'Aktiva Lainnya', 1, 1)
INSERT dbo.MKlasAkun(ID, NoUrut, Klasifikasi, Debet, Neraca) VALUES ('a937c0d2-33bc-4771-a8c9-074a9ee42051', 21, N'Akun Hutang', 0, 1)
INSERT dbo.MKlasAkun(ID, NoUrut, Klasifikasi, Debet, Neraca) VALUES ('c8778972-3568-486c-a098-1256e1e4b7d9', 14, N'Aktiva Lancar Lainnya', 1, 1)
INSERT dbo.MKlasAkun(ID, NoUrut, Klasifikasi, Debet, Neraca) VALUES ('490fa648-4575-4700-844f-1b9a7d4872ff', 13, N'Persediaan', 1, 1)
INSERT dbo.MKlasAkun(ID, NoUrut, Klasifikasi, Debet, Neraca) VALUES ('ba07e7fc-38ee-43ef-95cd-3edd1fc1db88', 16, N'Depresiasi & Amortisasi', 1, 1)
INSERT dbo.MKlasAkun(ID, NoUrut, Klasifikasi, Debet, Neraca) VALUES ('97620fd7-9bb5-4a4c-add0-5595a28335c1', 22, N'Kewajiban Lancar Lainnya', 0, 1)
INSERT dbo.MKlasAkun(ID, NoUrut, Klasifikasi, Debet, Neraca) VALUES ('07be4329-0f11-4bf4-ac4d-7987055e6d53', 24, N'Ekuitas', 0, 1)
INSERT dbo.MKlasAkun(ID, NoUrut, Klasifikasi, Debet, Neraca) VALUES ('6287c827-c1e8-4edd-980c-837e37ba9a78', 29, N'Beban Lainnya', 0, 0)
INSERT dbo.MKlasAkun(ID, NoUrut, Klasifikasi, Debet, Neraca) VALUES ('130bb3a6-74d1-40aa-be1f-97c2e8566581', 28, N'Pendapatan Lainnya', 0, 0)
INSERT dbo.MKlasAkun(ID, NoUrut, Klasifikasi, Debet, Neraca) VALUES ('fafa4f6b-e6e1-40b9-8c37-9a332d73e4a1', 27, N'Beban', 0, 0)
INSERT dbo.MKlasAkun(ID, NoUrut, Klasifikasi, Debet, Neraca) VALUES ('704384af-a23e-4b85-83db-af24866c9642', 11, N'Kas & Bank', 1, 1)
INSERT dbo.MKlasAkun(ID, NoUrut, Klasifikasi, Debet, Neraca) VALUES ('4d92ca55-798b-4d74-9aef-bd9216b1979d', 23, N'Kewajiban Jangka Panjang', 0, 1)
INSERT dbo.MKlasAkun(ID, NoUrut, Klasifikasi, Debet, Neraca) VALUES ('202ed6ce-8281-4ce3-856c-be8c8ea5121a', 25, N'Pendapatan', 0, 0)
INSERT dbo.MKlasAkun(ID, NoUrut, Klasifikasi, Debet, Neraca) VALUES ('b5375610-13d0-4e17-981a-bf5e18dccf4d', 26, N'Harga Pokok Penjualan', 0, 0)
INSERT dbo.MKlasAkun(ID, NoUrut, Klasifikasi, Debet, Neraca) VALUES ('21b07be0-954d-43f3-9d58-cd7ac615878f', 15, N'Aktiva Tetap', 1, 1)
INSERT dbo.MKlasAkun(ID, NoUrut, Klasifikasi, Debet, Neraca) VALUES ('62fadc5c-923f-4c96-af9a-cddf8f5e6013', 12, N'Akun Piutang', 1, 1)
GO

--
-- Inserting data into table dbo.MAkun
--
INSERT dbo.MAkun(ID, IDKlasAkun, IDParent, IDDepartemen, Kode, Nama, Keterangan, IDType, IsDebet, IsKasBank, NoRekening, AtasNamaRekening, IDTypeBank, IsNeraca) VALUES ('da63901f-4f8f-492e-8229-0451e5e56b26', 'c8778972-3568-486c-a098-1256e1e4b7d9', NULL, 1, N'1-10401', N'Aset Lancar Lainnya', N'', 0, 1, NULL, NULL, NULL, 0, 1)
INSERT dbo.MAkun(ID, IDKlasAkun, IDParent, IDDepartemen, Kode, Nama, Keterangan, IDType, IsDebet, IsKasBank, NoRekening, AtasNamaRekening, IDTypeBank, IsNeraca) VALUES ('a3e29934-eca9-497b-8750-05ab3b542ff8', '97620fd7-9bb5-4a4c-add0-5595a28335c1', NULL, 1, N'2-20202', N'Hutang Deviden', N'', 0, 0, NULL, NULL, NULL, 0, 1)
INSERT dbo.MAkun(ID, IDKlasAkun, IDParent, IDDepartemen, Kode, Nama, Keterangan, IDType, IsDebet, IsKasBank, NoRekening, AtasNamaRekening, IDTypeBank, IsNeraca) VALUES ('25df4334-1885-4f52-91e8-05fbc740c572', 'fafa4f6b-e6e1-40b9-8c37-9a332d73e4a1', NULL, 1, N'6-60200', N'Donasi', N'', 0, 0, NULL, NULL, NULL, 0, 0)
INSERT dbo.MAkun(ID, IDKlasAkun, IDParent, IDDepartemen, Kode, Nama, Keterangan, IDType, IsDebet, IsKasBank, NoRekening, AtasNamaRekening, IDTypeBank, IsNeraca) VALUES ('dda98832-2ebf-4574-98f1-0730e05ee34f', 'b5375610-13d0-4e17-981a-bf5e18dccf4d', NULL, 1, N'5-50400', N'Biaya Impor', N'', 0, 0, NULL, NULL, NULL, 0, 0)
INSERT dbo.MAkun(ID, IDKlasAkun, IDParent, IDDepartemen, Kode, Nama, Keterangan, IDType, IsDebet, IsKasBank, NoRekening, AtasNamaRekening, IDTypeBank, IsNeraca) VALUES ('ac2df772-1acb-4fde-9815-07447b19b97f', 'fafa4f6b-e6e1-40b9-8c37-9a332d73e4a1', '25df4334-1885-4f52-91e8-05fbc740c572', 1, N'6-60207', N'Iuran & Langganan', N'', 0, 0, NULL, NULL, NULL, 0, 0)
INSERT dbo.MAkun(ID, IDKlasAkun, IDParent, IDDepartemen, Kode, Nama, Keterangan, IDType, IsDebet, IsKasBank, NoRekening, AtasNamaRekening, IDTypeBank, IsNeraca) VALUES ('21179d11-2753-47a6-992b-08ddb1105763', 'fafa4f6b-e6e1-40b9-8c37-9a332d73e4a1', '25df4334-1885-4f52-91e8-05fbc740c572', 1, N'6-60211', N'Sarana Kantor', N'', 0, 0, NULL, NULL, NULL, 0, 0)
INSERT dbo.MAkun(ID, IDKlasAkun, IDParent, IDDepartemen, Kode, Nama, Keterangan, IDType, IsDebet, IsKasBank, NoRekening, AtasNamaRekening, IDTypeBank, IsNeraca) VALUES ('b72520dd-c1fb-49b6-9bae-0b72d3c2a923', 'ba07e7fc-38ee-43ef-95cd-3edd1fc1db88', NULL, 1, N'1-10755', N'Akumulasi Penyusutan - Peralatan Kantor', N'', 0, 1, NULL, NULL, NULL, 0, 1)
INSERT dbo.MAkun(ID, IDKlasAkun, IDParent, IDDepartemen, Kode, Nama, Keterangan, IDType, IsDebet, IsKasBank, NoRekening, AtasNamaRekening, IDTypeBank, IsNeraca) VALUES ('089327ad-d64d-4fd8-99bf-0b7b45a1448a', 'a937c0d2-33bc-4771-a8c9-074a9ee42051', NULL, 1, N'2-20101', N'Hutang Belum Ditagih', N'', 0, 0, NULL, NULL, NULL, 0, 1)
INSERT dbo.MAkun(ID, IDKlasAkun, IDParent, IDDepartemen, Kode, Nama, Keterangan, IDType, IsDebet, IsKasBank, NoRekening, AtasNamaRekening, IDTypeBank, IsNeraca) VALUES ('4f20a441-c7a4-4ebc-95f5-0c88512d01e8', '97620fd7-9bb5-4a4c-add0-5595a28335c1', NULL, 1, N'2-20203', N'Pendapatan Diterima Di Muka', N'', 0, 0, NULL, NULL, NULL, 0, 1)
INSERT dbo.MAkun(ID, IDKlasAkun, IDParent, IDDepartemen, Kode, Nama, Keterangan, IDType, IsDebet, IsKasBank, NoRekening, AtasNamaRekening, IDTypeBank, IsNeraca) VALUES ('4388f4c3-181e-4313-9221-0d1de67505da', 'fafa4f6b-e6e1-40b9-8c37-9a332d73e4a1', '774d02a9-08de-4ef4-81af-65e488ebabb4', 1, N'6-60109', N'Pesangon', N'', 0, 0, NULL, NULL, NULL, 0, 0)
INSERT dbo.MAkun(ID, IDKlasAkun, IDParent, IDDepartemen, Kode, Nama, Keterangan, IDType, IsDebet, IsKasBank, NoRekening, AtasNamaRekening, IDTypeBank, IsNeraca) VALUES ('e57f55d1-7d69-43c6-ad86-0e2638505f28', 'c8778972-3568-486c-a098-1256e1e4b7d9', NULL, 1, N'1-10400', N'Dana Belum Disetor', N'', 0, 1, NULL, NULL, NULL, 0, 1)
INSERT dbo.MAkun(ID, IDKlasAkun, IDParent, IDDepartemen, Kode, Nama, Keterangan, IDType, IsDebet, IsKasBank, NoRekening, AtasNamaRekening, IDTypeBank, IsNeraca) VALUES ('e5023df0-3c3a-40ae-9749-10d3aa6c17c4', '21b07be0-954d-43f3-9d58-cd7ac615878f', NULL, 1, N'1-10705', N'Aset Tetap - Perlengkapan Kantor', N'', 0, 1, NULL, NULL, NULL, 0, 1)
INSERT dbo.MAkun(ID, IDKlasAkun, IDParent, IDDepartemen, Kode, Nama, Keterangan, IDType, IsDebet, IsKasBank, NoRekening, AtasNamaRekening, IDTypeBank, IsNeraca) VALUES ('9f59eefa-f832-4ed7-89e9-10d9f9f71fc9', 'b5375610-13d0-4e17-981a-bf5e18dccf4d', NULL, 1, N'5-50500', N'Biaya Produksi', N'', 0, 0, NULL, NULL, NULL, 0, 0)
INSERT dbo.MAkun(ID, IDKlasAkun, IDParent, IDDepartemen, Kode, Nama, Keterangan, IDType, IsDebet, IsKasBank, NoRekening, AtasNamaRekening, IDTypeBank, IsNeraca) VALUES ('ca9a1606-d01f-41be-85fe-1172b25215ba', '704384af-a23e-4b85-83db-af24866c9642', NULL, 1, N'1-10003', N'Giro', N'', 0, 1, NULL, NULL, NULL, 0, 1)
INSERT dbo.MAkun(ID, IDKlasAkun, IDParent, IDDepartemen, Kode, Nama, Keterangan, IDType, IsDebet, IsKasBank, NoRekening, AtasNamaRekening, IDTypeBank, IsNeraca) VALUES ('fd43a9ae-6c5f-4f7c-9213-15bdea6629c0', '21b07be0-954d-43f3-9d58-cd7ac615878f', NULL, 1, N'1-10702', N'Aset Tetap - Building Improvements', N'', 0, 1, NULL, NULL, NULL, 0, 1)
INSERT dbo.MAkun(ID, IDKlasAkun, IDParent, IDDepartemen, Kode, Nama, Keterangan, IDType, IsDebet, IsKasBank, NoRekening, AtasNamaRekening, IDTypeBank, IsNeraca) VALUES ('01f726aa-402c-46b4-89f6-188a9a4eeee7', 'fafa4f6b-e6e1-40b9-8c37-9a332d73e4a1', '8d562995-0ff1-41c9-bf30-74de69c59d32', 1, N'6-60501', N'Penyusutan - Perbaikan Bangunan', N'', 0, 0, NULL, NULL, NULL, 0, 0)
INSERT dbo.MAkun(ID, IDKlasAkun, IDParent, IDDepartemen, Kode, Nama, Keterangan, IDType, IsDebet, IsKasBank, NoRekening, AtasNamaRekening, IDTypeBank, IsNeraca) VALUES ('ff12b484-829f-474b-b273-1a5eb1482452', 'fafa4f6b-e6e1-40b9-8c37-9a332d73e4a1', '8d562995-0ff1-41c9-bf30-74de69c59d32', 1, N'6-60502', N'Penyusutan - Kendaraan', N'', 0, 0, NULL, NULL, NULL, 0, 0)
INSERT dbo.MAkun(ID, IDKlasAkun, IDParent, IDDepartemen, Kode, Nama, Keterangan, IDType, IsDebet, IsKasBank, NoRekening, AtasNamaRekening, IDTypeBank, IsNeraca) VALUES ('d7699b67-898d-4ae2-8680-1d37fe0cbdb9', '202ed6ce-8281-4ce3-856c-be8c8ea5121a', NULL, 1, N'4-40200', N'Retur Penjualan', N'', 0, 0, NULL, NULL, NULL, 0, 0)
INSERT dbo.MAkun(ID, IDKlasAkun, IDParent, IDDepartemen, Kode, Nama, Keterangan, IDType, IsDebet, IsKasBank, NoRekening, AtasNamaRekening, IDTypeBank, IsNeraca) VALUES ('ee06320a-f649-4034-bd45-1e823532a7d5', 'fafa4f6b-e6e1-40b9-8c37-9a332d73e4a1', '25df4334-1885-4f52-91e8-05fbc740c572', 1, N'6-60214', N'Pajak dan Perizinan', N'', 0, 0, NULL, NULL, NULL, 0, 0)
INSERT dbo.MAkun(ID, IDKlasAkun, IDParent, IDDepartemen, Kode, Nama, Keterangan, IDType, IsDebet, IsKasBank, NoRekening, AtasNamaRekening, IDTypeBank, IsNeraca) VALUES ('ab9040af-37eb-4882-b1f3-225496264b18', 'fafa4f6b-e6e1-40b9-8c37-9a332d73e4a1', '774d02a9-08de-4ef4-81af-65e488ebabb4', 1, N'6-60108', N'Insentif', N'', 0, 0, NULL, NULL, NULL, 0, 0)
INSERT dbo.MAkun(ID, IDKlasAkun, IDParent, IDDepartemen, Kode, Nama, Keterangan, IDType, IsDebet, IsKasBank, NoRekening, AtasNamaRekening, IDTypeBank, IsNeraca) VALUES ('936d3dc8-8535-4d3b-a048-2464cddda38a', 'fafa4f6b-e6e1-40b9-8c37-9a332d73e4a1', '25df4334-1885-4f52-91e8-05fbc740c572', 1, N'6-60209', N'Legal & Profesional', N'', 0, 0, NULL, NULL, NULL, 0, 0)
INSERT dbo.MAkun(ID, IDKlasAkun, IDParent, IDDepartemen, Kode, Nama, Keterangan, IDType, IsDebet, IsKasBank, NoRekening, AtasNamaRekening, IDTypeBank, IsNeraca) VALUES ('28f304e9-c883-4a91-9dcf-251d15ee4697', 'b5375610-13d0-4e17-981a-bf5e18dccf4d', NULL, 1, N'5-50200', N'Retur Pembelian', N'', 0, 0, NULL, NULL, NULL, 0, 0)
INSERT dbo.MAkun(ID, IDKlasAkun, IDParent, IDDepartemen, Kode, Nama, Keterangan, IDType, IsDebet, IsKasBank, NoRekening, AtasNamaRekening, IDTypeBank, IsNeraca) VALUES ('9c789175-81de-4e69-8a5a-2643b152097e', '6287c827-c1e8-4edd-980c-837e37ba9a78', NULL, 1, N'9-90000', N'Beban Pajak - Kini', N'', 0, 0, NULL, NULL, NULL, 0, 0)
INSERT dbo.MAkun(ID, IDKlasAkun, IDParent, IDDepartemen, Kode, Nama, Keterangan, IDType, IsDebet, IsKasBank, NoRekening, AtasNamaRekening, IDTypeBank, IsNeraca) VALUES ('02da01ea-f002-44ad-a6fa-26739d01a539', 'fafa4f6b-e6e1-40b9-8c37-9a332d73e4a1', '774d02a9-08de-4ef4-81af-65e488ebabb4', 1, N'6-60105', N'Pengobatan', N'', 0, 0, NULL, NULL, NULL, 0, 0)
INSERT dbo.MAkun(ID, IDKlasAkun, IDParent, IDDepartemen, Kode, Nama, Keterangan, IDType, IsDebet, IsKasBank, NoRekening, AtasNamaRekening, IDTypeBank, IsNeraca) VALUES ('f76b9ff6-9844-4465-a0cf-28f7945d71cd', '202ed6ce-8281-4ce3-856c-be8c8ea5121a', NULL, 1, N'4-40201', N'Pendapatan Belum Ditagih', N'', 0, 0, NULL, NULL, NULL, 0, 0)
INSERT dbo.MAkun(ID, IDKlasAkun, IDParent, IDDepartemen, Kode, Nama, Keterangan, IDType, IsDebet, IsKasBank, NoRekening, AtasNamaRekening, IDTypeBank, IsNeraca) VALUES ('a75a7aa1-0642-4eb6-a5ce-2c2310547e9c', 'fafa4f6b-e6e1-40b9-8c37-9a332d73e4a1', '25df4334-1885-4f52-91e8-05fbc740c572', 1, N'6-60203', N'Perbaikan & Pemeliharaan', N'', 0, 0, NULL, NULL, NULL, 0, 0)
INSERT dbo.MAkun(ID, IDKlasAkun, IDParent, IDDepartemen, Kode, Nama, Keterangan, IDType, IsDebet, IsKasBank, NoRekening, AtasNamaRekening, IDTypeBank, IsNeraca) VALUES ('2acc5cc9-e5f6-4fcf-b548-2eb0023aac0c', 'ba07e7fc-38ee-43ef-95cd-3edd1fc1db88', NULL, 1, N'1-10754', N'Akumulasi Penyusutan - Mesin & Peralatan', N'', 0, 1, NULL, NULL, NULL, 0, 1)
INSERT dbo.MAkun(ID, IDKlasAkun, IDParent, IDDepartemen, Kode, Nama, Keterangan, IDType, IsDebet, IsKasBank, NoRekening, AtasNamaRekening, IDTypeBank, IsNeraca) VALUES ('4f822882-771b-4e22-a64a-359275d70a6e', 'a937c0d2-33bc-4771-a8c9-074a9ee42051', NULL, 1, N'2-20100', N'Hutang Usaha', N'', 0, 0, NULL, NULL, NULL, 0, 1)
INSERT dbo.MAkun(ID, IDKlasAkun, IDParent, IDDepartemen, Kode, Nama, Keterangan, IDType, IsDebet, IsKasBank, NoRekening, AtasNamaRekening, IDTypeBank, IsNeraca) VALUES ('3ce1cc28-25ca-4a41-9d93-36debe37c1f7', '6287c827-c1e8-4edd-980c-837e37ba9a78', NULL, 1, N'8-80000', N'Beban Bunga', N'', 0, 0, NULL, NULL, NULL, 0, 0)
INSERT dbo.MAkun(ID, IDKlasAkun, IDParent, IDDepartemen, Kode, Nama, Keterangan, IDType, IsDebet, IsKasBank, NoRekening, AtasNamaRekening, IDTypeBank, IsNeraca) VALUES ('28d8fc7f-78cd-40aa-8521-3a0c9dc5f6ce', '6287c827-c1e8-4edd-980c-837e37ba9a78', NULL, 1, N'9-90001', N'Beban Pajak - Tangguhan', N'', 0, 0, NULL, NULL, NULL, 0, 0)
INSERT dbo.MAkun(ID, IDKlasAkun, IDParent, IDDepartemen, Kode, Nama, Keterangan, IDType, IsDebet, IsKasBank, NoRekening, AtasNamaRekening, IDTypeBank, IsNeraca) VALUES ('c9948b26-9bb4-46b7-b544-3acde5a7097d', '07be4329-0f11-4bf4-ac4d-7987055e6d53', NULL, 1, N'3-30001', N'Tambahan Modal Disetor', N'', 0, 0, NULL, NULL, NULL, 0, 1)
INSERT dbo.MAkun(ID, IDKlasAkun, IDParent, IDDepartemen, Kode, Nama, Keterangan, IDType, IsDebet, IsKasBank, NoRekening, AtasNamaRekening, IDTypeBank, IsNeraca) VALUES ('dcc8b1c1-0c5d-492e-945a-3b6cfa8fd314', 'fafa4f6b-e6e1-40b9-8c37-9a332d73e4a1', '25df4334-1885-4f52-91e8-05fbc740c572', 1, N'6-60202', N'Bensin, Tol dan Parkir - Umum', N'', 0, 0, NULL, NULL, NULL, 0, 0)
INSERT dbo.MAkun(ID, IDKlasAkun, IDParent, IDDepartemen, Kode, Nama, Keterangan, IDType, IsDebet, IsKasBank, NoRekening, AtasNamaRekening, IDTypeBank, IsNeraca) VALUES ('854549d1-7fd0-44ab-891a-3bca3f007c72', 'fafa4f6b-e6e1-40b9-8c37-9a332d73e4a1', 'c304caac-1241-4bd8-831a-cf9c45aae993', 1, N'6-60305', N'Pemborong', N'', 0, 0, NULL, NULL, NULL, 0, 0)
INSERT dbo.MAkun(ID, IDKlasAkun, IDParent, IDDepartemen, Kode, Nama, Keterangan, IDType, IsDebet, IsKasBank, NoRekening, AtasNamaRekening, IDTypeBank, IsNeraca) VALUES ('d7eeb87a-ee43-46f0-94c7-3d7de72c8efa', 'b5375610-13d0-4e17-981a-bf5e18dccf4d', NULL, 1, N'5-50300', N'Pengiriman & Pengangkutan', N'', 0, 0, NULL, NULL, NULL, 0, 0)
INSERT dbo.MAkun(ID, IDKlasAkun, IDParent, IDDepartemen, Kode, Nama, Keterangan, IDType, IsDebet, IsKasBank, NoRekening, AtasNamaRekening, IDTypeBank, IsNeraca) VALUES ('d4bc4af3-0883-4a56-998f-3dac2de73b68', 'ba07e7fc-38ee-43ef-95cd-3edd1fc1db88', NULL, 1, N'1-10753', N'Akumulasi penyusutan - Kendaraan', N'', 0, 1, NULL, NULL, NULL, 0, 1)
INSERT dbo.MAkun(ID, IDKlasAkun, IDParent, IDDepartemen, Kode, Nama, Keterangan, IDType, IsDebet, IsKasBank, NoRekening, AtasNamaRekening, IDTypeBank, IsNeraca) VALUES ('84979a78-1613-487e-8b21-3ec8994c99cd', '97620fd7-9bb5-4a4c-add0-5595a28335c1', NULL, 1, N'2-20201', N'Hutang Gaji', N'', 0, 0, NULL, NULL, NULL, 0, 1)
INSERT dbo.MAkun(ID, IDKlasAkun, IDParent, IDDepartemen, Kode, Nama, Keterangan, IDType, IsDebet, IsKasBank, NoRekening, AtasNamaRekening, IDTypeBank, IsNeraca) VALUES ('4be0efa9-1222-4594-bfd5-4377e6719014', 'c8778972-3568-486c-a098-1256e1e4b7d9', NULL, 1, N'1-10500', N'PPN Masukan', N'', 0, 1, NULL, NULL, NULL, 0, 1)
INSERT dbo.MAkun(ID, IDKlasAkun, IDParent, IDDepartemen, Kode, Nama, Keterangan, IDType, IsDebet, IsKasBank, NoRekening, AtasNamaRekening, IDTypeBank, IsNeraca) VALUES ('59237b99-fef4-43db-ad37-43c89378b945', '6c43cf12-8c53-4057-be4a-01844f3a85a5', NULL, 1, N'1-10800', N'Investasi', N'', 0, 1, NULL, NULL, NULL, 0, 1)
INSERT dbo.MAkun(ID, IDKlasAkun, IDParent, IDDepartemen, Kode, Nama, Keterangan, IDType, IsDebet, IsKasBank, NoRekening, AtasNamaRekening, IDTypeBank, IsNeraca) VALUES ('79e58562-17f6-4c4f-978a-45311aa20e87', '07be4329-0f11-4bf4-ac4d-7987055e6d53', NULL, 1, N'3-30000', N'Modal Saham', N'', 0, 0, NULL, NULL, NULL, 0, 1)
INSERT dbo.MAkun(ID, IDKlasAkun, IDParent, IDDepartemen, Kode, Nama, Keterangan, IDType, IsDebet, IsKasBank, NoRekening, AtasNamaRekening, IDTypeBank, IsNeraca) VALUES ('846a3aa3-2585-4725-ad81-45488a207125', 'fafa4f6b-e6e1-40b9-8c37-9a332d73e4a1', 'c96ee599-08fb-4483-a437-76d3d04aaf92', 1, N'6-60402', N'Biaya Sewa - Operasional', N'', 0, 0, NULL, NULL, NULL, 0, 0)
INSERT dbo.MAkun(ID, IDKlasAkun, IDParent, IDDepartemen, Kode, Nama, Keterangan, IDType, IsDebet, IsKasBank, NoRekening, AtasNamaRekening, IDTypeBank, IsNeraca) VALUES ('237a0e9b-72f7-4ac0-934a-45921fc39cf7', '6c43cf12-8c53-4057-be4a-01844f3a85a5', NULL, 1, N'1-10800', N'Investasi', N'', 0, 1, NULL, NULL, NULL, 0, 1)
INSERT dbo.MAkun(ID, IDKlasAkun, IDParent, IDDepartemen, Kode, Nama, Keterangan, IDType, IsDebet, IsKasBank, NoRekening, AtasNamaRekening, IDTypeBank, IsNeraca) VALUES ('927a58b8-2124-4e9f-8fbd-47097d8d60fd', 'fafa4f6b-e6e1-40b9-8c37-9a332d73e4a1', '774d02a9-08de-4ef4-81af-65e488ebabb4', 1, N'6-60104', N'Lembur', N'', 0, 0, NULL, NULL, NULL, 0, 0)
INSERT dbo.MAkun(ID, IDKlasAkun, IDParent, IDDepartemen, Kode, Nama, Keterangan, IDType, IsDebet, IsKasBank, NoRekening, AtasNamaRekening, IDTypeBank, IsNeraca) VALUES ('ff8d8709-f8ad-44e7-8bcf-47a477083c67', 'b5375610-13d0-4e17-981a-bf5e18dccf4d', NULL, 1, N'5-50100', N'Diskon Pembelian', N'', 0, 0, NULL, NULL, NULL, 0, 0)
INSERT dbo.MAkun(ID, IDKlasAkun, IDParent, IDDepartemen, Kode, Nama, Keterangan, IDType, IsDebet, IsKasBank, NoRekening, AtasNamaRekening, IDTypeBank, IsNeraca) VALUES ('f87b7304-c629-4cac-9186-47ccb74844fe', '97620fd7-9bb5-4a4c-add0-5595a28335c1', NULL, 1, N'2-20599', N'Hutang Pajak Lainnya', N'', 0, 0, NULL, NULL, NULL, 0, 1)
INSERT dbo.MAkun(ID, IDKlasAkun, IDParent, IDDepartemen, Kode, Nama, Keterangan, IDType, IsDebet, IsKasBank, NoRekening, AtasNamaRekening, IDTypeBank, IsNeraca) VALUES ('1a2edf38-eedd-4236-8700-4919c1f026cb', '21b07be0-954d-43f3-9d58-cd7ac615878f', NULL, 1, N'1-10702', N'Aset Tetap - Building Improvements', N'', 0, 1, NULL, NULL, NULL, 0, 1)
INSERT dbo.MAkun(ID, IDKlasAkun, IDParent, IDDepartemen, Kode, Nama, Keterangan, IDType, IsDebet, IsKasBank, NoRekening, AtasNamaRekening, IDTypeBank, IsNeraca) VALUES ('42b5436b-ffac-4793-95c4-49672f9d1e09', '6287c827-c1e8-4edd-980c-837e37ba9a78', NULL, 1, N'8-80002', N'(Laba)/Rugi Pelepasan Aset Tetap', N'', 0, 0, NULL, NULL, NULL, 0, 0)
INSERT dbo.MAkun(ID, IDKlasAkun, IDParent, IDDepartemen, Kode, Nama, Keterangan, IDType, IsDebet, IsKasBank, NoRekening, AtasNamaRekening, IDTypeBank, IsNeraca) VALUES ('0b691c3c-92f8-4acf-ab7a-49d189b482f1', 'fafa4f6b-e6e1-40b9-8c37-9a332d73e4a1', '774d02a9-08de-4ef4-81af-65e488ebabb4', 1, N'6-60102', N'Upah', N'', 0, 0, NULL, NULL, NULL, 0, 0)
INSERT dbo.MAkun(ID, IDKlasAkun, IDParent, IDDepartemen, Kode, Nama, Keterangan, IDType, IsDebet, IsKasBank, NoRekening, AtasNamaRekening, IDTypeBank, IsNeraca) VALUES ('21c3f93f-1c60-4465-be44-4bae050d9b9e', 'ba07e7fc-38ee-43ef-95cd-3edd1fc1db88', NULL, 1, N'1-10753', N'Akumulasi penyusutan - Kendaraan', N'', 0, 1, NULL, NULL, NULL, 0, 1)
INSERT dbo.MAkun(ID, IDKlasAkun, IDParent, IDDepartemen, Kode, Nama, Keterangan, IDType, IsDebet, IsKasBank, NoRekening, AtasNamaRekening, IDTypeBank, IsNeraca) VALUES ('7d7eba6b-8c4b-42e7-91d0-4cc6c56b8c96', 'fafa4f6b-e6e1-40b9-8c37-9a332d73e4a1', '774d02a9-08de-4ef4-81af-65e488ebabb4', 1, N'6-60106', N'THR & Bonus', N'', 0, 0, NULL, NULL, NULL, 0, 0)
INSERT dbo.MAkun(ID, IDKlasAkun, IDParent, IDDepartemen, Kode, Nama, Keterangan, IDType, IsDebet, IsKasBank, NoRekening, AtasNamaRekening, IDTypeBank, IsNeraca) VALUES ('9b0fc8af-b4ba-4a04-b672-4e766edfe0ae', 'c8778972-3568-486c-a098-1256e1e4b7d9', NULL, 1, N'1-10502', N'Pajak Dibayar Di Muka - PPh 23', N'', 0, 1, NULL, NULL, NULL, 0, 1)
INSERT dbo.MAkun(ID, IDKlasAkun, IDParent, IDDepartemen, Kode, Nama, Keterangan, IDType, IsDebet, IsKasBank, NoRekening, AtasNamaRekening, IDTypeBank, IsNeraca) VALUES ('1e3a6686-48d8-4789-bbbd-4fc58b4ccebc', '97620fd7-9bb5-4a4c-add0-5595a28335c1', NULL, 1, N'2-20301', N'Sarana Kantor Terhutang', N'', 0, 0, NULL, NULL, NULL, 0, 1)
INSERT dbo.MAkun(ID, IDKlasAkun, IDParent, IDDepartemen, Kode, Nama, Keterangan, IDType, IsDebet, IsKasBank, NoRekening, AtasNamaRekening, IDTypeBank, IsNeraca) VALUES ('5dc375b8-874c-4438-85cb-52e2e0f6d90d', '97620fd7-9bb5-4a4c-add0-5595a28335c1', NULL, 1, N'2-20200', N'Hutang Lain Lain', N'', 0, 0, NULL, NULL, NULL, 0, 1)
INSERT dbo.MAkun(ID, IDKlasAkun, IDParent, IDDepartemen, Kode, Nama, Keterangan, IDType, IsDebet, IsKasBank, NoRekening, AtasNamaRekening, IDTypeBank, IsNeraca) VALUES ('df5989c8-4f0e-4365-b1cb-5936cdc12b22', '97620fd7-9bb5-4a4c-add0-5595a28335c1', NULL, 1, N'2-20503', N'Hutang Pajak - PPh 23', N'', 0, 0, NULL, NULL, NULL, 0, 1)
INSERT dbo.MAkun(ID, IDKlasAkun, IDParent, IDDepartemen, Kode, Nama, Keterangan, IDType, IsDebet, IsKasBank, NoRekening, AtasNamaRekening, IDTypeBank, IsNeraca) VALUES ('e6203032-6b25-49c3-b593-59d59e62b0f7', '202ed6ce-8281-4ce3-856c-be8c8ea5121a', NULL, 1, N'4-40000', N'Pendapatan', N'', 0, 0, NULL, NULL, NULL, 0, 0)
INSERT dbo.MAkun(ID, IDKlasAkun, IDParent, IDDepartemen, Kode, Nama, Keterangan, IDType, IsDebet, IsKasBank, NoRekening, AtasNamaRekening, IDTypeBank, IsNeraca) VALUES ('9f1fdb5d-29c4-489e-b932-5a6acdeaf6d9', '4d92ca55-798b-4d74-9aef-bd9216b1979d', NULL, 1, N'2-20700', N'Kewajiban Manfaat Karyawan', N'', 0, 0, NULL, NULL, NULL, 0, 1)
INSERT dbo.MAkun(ID, IDKlasAkun, IDParent, IDDepartemen, Kode, Nama, Keterangan, IDType, IsDebet, IsKasBank, NoRekening, AtasNamaRekening, IDTypeBank, IsNeraca) VALUES ('35d5c968-cbcb-474d-a1c7-5a90b00663a9', 'ba07e7fc-38ee-43ef-95cd-3edd1fc1db88', NULL, 1, N'1-10751', N'Akumulasi Penyusutan - Bangunan', N'', 0, 1, NULL, NULL, NULL, 0, 1)
INSERT dbo.MAkun(ID, IDKlasAkun, IDParent, IDDepartemen, Kode, Nama, Keterangan, IDType, IsDebet, IsKasBank, NoRekening, AtasNamaRekening, IDTypeBank, IsNeraca) VALUES ('31cc30f1-0fec-446e-ba56-5b00c15ffe97', 'fafa4f6b-e6e1-40b9-8c37-9a332d73e4a1', 'c96ee599-08fb-4483-a437-76d3d04aaf92', 1, N'6-60401', N'Biaya Sewa - Kendaraan', N'', 0, 0, NULL, NULL, NULL, 0, 0)
INSERT dbo.MAkun(ID, IDKlasAkun, IDParent, IDDepartemen, Kode, Nama, Keterangan, IDType, IsDebet, IsKasBank, NoRekening, AtasNamaRekening, IDTypeBank, IsNeraca) VALUES ('1c7beb41-bdda-4a3b-be01-5e8d190799e4', '21b07be0-954d-43f3-9d58-cd7ac615878f', NULL, 1, N'1-10701', N'Aset Tetap - Bangunan', N'', 0, 1, NULL, NULL, NULL, 0, 1)
INSERT dbo.MAkun(ID, IDKlasAkun, IDParent, IDDepartemen, Kode, Nama, Keterangan, IDType, IsDebet, IsKasBank, NoRekening, AtasNamaRekening, IDTypeBank, IsNeraca) VALUES ('9d60c1f1-3504-405b-90f8-5eed69248d72', 'ba07e7fc-38ee-43ef-95cd-3edd1fc1db88', NULL, 1, N'1-10755', N'Akumulasi Penyusutan - Peralatan Kantor', N'', 0, 1, NULL, NULL, NULL, 0, 1)
INSERT dbo.MAkun(ID, IDKlasAkun, IDParent, IDDepartemen, Kode, Nama, Keterangan, IDType, IsDebet, IsKasBank, NoRekening, AtasNamaRekening, IDTypeBank, IsNeraca) VALUES ('bd57ae76-5efc-4986-85fb-629146034009', '97620fd7-9bb5-4a4c-add0-5595a28335c1', NULL, 1, N'2-20500', N'PPN Keluaran', N'', 0, 0, NULL, NULL, NULL, 0, 1)
INSERT dbo.MAkun(ID, IDKlasAkun, IDParent, IDDepartemen, Kode, Nama, Keterangan, IDType, IsDebet, IsKasBank, NoRekening, AtasNamaRekening, IDTypeBank, IsNeraca) VALUES ('00f0bc10-497a-4874-879f-64989775aecb', '97620fd7-9bb5-4a4c-add0-5595a28335c1', NULL, 1, N'2-20600', N'Hutang dari Pemegang Saham', N'', 0, 0, NULL, NULL, NULL, 0, 1)
INSERT dbo.MAkun(ID, IDKlasAkun, IDParent, IDDepartemen, Kode, Nama, Keterangan, IDType, IsDebet, IsKasBank, NoRekening, AtasNamaRekening, IDTypeBank, IsNeraca) VALUES ('14f53cb3-1878-4863-9a79-64bee46d0f0d', 'fafa4f6b-e6e1-40b9-8c37-9a332d73e4a1', '774d02a9-08de-4ef4-81af-65e488ebabb4', 1, N'6-60103', N'Makanan & Transportasi', N'', 0, 0, NULL, NULL, NULL, 0, 0)
INSERT dbo.MAkun(ID, IDKlasAkun, IDParent, IDDepartemen, Kode, Nama, Keterangan, IDType, IsDebet, IsKasBank, NoRekening, AtasNamaRekening, IDTypeBank, IsNeraca) VALUES ('a9908981-3e79-4ab2-a922-64ca661bdc1e', '07be4329-0f11-4bf4-ac4d-7987055e6d53', NULL, 1, N'3-30300', N'Pendapatan Komprehensif Lainnya', N'', 0, 0, NULL, NULL, NULL, 0, 1)
INSERT dbo.MAkun(ID, IDKlasAkun, IDParent, IDDepartemen, Kode, Nama, Keterangan, IDType, IsDebet, IsKasBank, NoRekening, AtasNamaRekening, IDTypeBank, IsNeraca) VALUES ('774d02a9-08de-4ef4-81af-65e488ebabb4', 'fafa4f6b-e6e1-40b9-8c37-9a332d73e4a1', NULL, 1, N'6-60100', N'Biaya Umum & Administratif', N'', 0, 0, NULL, NULL, NULL, 0, 0)
INSERT dbo.MAkun(ID, IDKlasAkun, IDParent, IDDepartemen, Kode, Nama, Keterangan, IDType, IsDebet, IsKasBank, NoRekening, AtasNamaRekening, IDTypeBank, IsNeraca) VALUES ('14a8a00f-4fc0-40c1-ac8a-66100b86b300', 'fafa4f6b-e6e1-40b9-8c37-9a332d73e4a1', '25df4334-1885-4f52-91e8-05fbc740c572', 1, N'6-60208', N'Asuransi', N'', 0, 0, NULL, NULL, NULL, 0, 0)
INSERT dbo.MAkun(ID, IDKlasAkun, IDParent, IDDepartemen, Kode, Nama, Keterangan, IDType, IsDebet, IsKasBank, NoRekening, AtasNamaRekening, IDTypeBank, IsNeraca) VALUES ('1a422b75-f952-4fed-b98a-672e235b3235', 'fafa4f6b-e6e1-40b9-8c37-9a332d73e4a1', '8d562995-0ff1-41c9-bf30-74de69c59d32', 1, N'6-60504', N'Penyusutan - Peralatan Kantor', N'', 0, 0, NULL, NULL, NULL, 0, 0)
INSERT dbo.MAkun(ID, IDKlasAkun, IDParent, IDDepartemen, Kode, Nama, Keterangan, IDType, IsDebet, IsKasBank, NoRekening, AtasNamaRekening, IDTypeBank, IsNeraca) VALUES ('6b76f945-8249-4f5f-9c92-677437b0bf25', 'fafa4f6b-e6e1-40b9-8c37-9a332d73e4a1', 'a2795c8d-1466-4647-9a2e-bb19f89ad2f4', 1, N'6-60006', N'Marketing Lainnya', N'', 0, 0, NULL, NULL, NULL, 0, 0)
INSERT dbo.MAkun(ID, IDKlasAkun, IDParent, IDDepartemen, Kode, Nama, Keterangan, IDType, IsDebet, IsKasBank, NoRekening, AtasNamaRekening, IDTypeBank, IsNeraca) VALUES ('1c97e32c-ac8a-4628-a1cb-68e2e88fd41d', 'fafa4f6b-e6e1-40b9-8c37-9a332d73e4a1', '25df4334-1885-4f52-91e8-05fbc740c572', 1, N'6-60217', N'Listrik', N'', 0, 0, NULL, NULL, NULL, 0, 0)
INSERT dbo.MAkun(ID, IDKlasAkun, IDParent, IDDepartemen, Kode, Nama, Keterangan, IDType, IsDebet, IsKasBank, NoRekening, AtasNamaRekening, IDTypeBank, IsNeraca) VALUES ('59a2b5b1-1a90-4b20-8410-68f04e39e23b', '704384af-a23e-4b85-83db-af24866c9642', NULL, 1, N'1-10002', N'Rekening Bank', N'', 0, 1, 1, NULL, NULL, 0, 1)
INSERT dbo.MAkun(ID, IDKlasAkun, IDParent, IDDepartemen, Kode, Nama, Keterangan, IDType, IsDebet, IsKasBank, NoRekening, AtasNamaRekening, IDTypeBank, IsNeraca) VALUES ('5b64870b-f929-4831-ac77-6aaacff8c538', '21b07be0-954d-43f3-9d58-cd7ac615878f', NULL, 1, N'1-10706', N'Aset Tetap - Aset Sewa Guna Usaha', N'', 0, 1, NULL, NULL, NULL, 0, 1)
INSERT dbo.MAkun(ID, IDKlasAkun, IDParent, IDDepartemen, Kode, Nama, Keterangan, IDType, IsDebet, IsKasBank, NoRekening, AtasNamaRekening, IDTypeBank, IsNeraca) VALUES ('48270dd4-efeb-433f-825e-6c2a3596b695', 'c8778972-3568-486c-a098-1256e1e4b7d9', NULL, 1, N'1-10501', N'Pajak Dibayar Di Muka - PPh 22', N'', 0, 1, NULL, NULL, NULL, 0, 1)
INSERT dbo.MAkun(ID, IDKlasAkun, IDParent, IDDepartemen, Kode, Nama, Keterangan, IDType, IsDebet, IsKasBank, NoRekening, AtasNamaRekening, IDTypeBank, IsNeraca) VALUES ('7574f328-3294-464c-83e9-6d3a37ebb664', 'fafa4f6b-e6e1-40b9-8c37-9a332d73e4a1', '25df4334-1885-4f52-91e8-05fbc740c572', 1, N'6-60201', N'Hiburan', N'', 0, 0, NULL, NULL, NULL, 0, 0)
INSERT dbo.MAkun(ID, IDKlasAkun, IDParent, IDDepartemen, Kode, Nama, Keterangan, IDType, IsDebet, IsKasBank, NoRekening, AtasNamaRekening, IDTypeBank, IsNeraca) VALUES ('7c2b9341-efb9-4dcf-a16b-7451b5ff98e4', 'fafa4f6b-e6e1-40b9-8c37-9a332d73e4a1', 'a2795c8d-1466-4647-9a2e-bb19f89ad2f4', 1, N'6-60002', N'Komisi & Fee', N'', 0, 0, NULL, NULL, NULL, 0, 0)
INSERT dbo.MAkun(ID, IDKlasAkun, IDParent, IDDepartemen, Kode, Nama, Keterangan, IDType, IsDebet, IsKasBank, NoRekening, AtasNamaRekening, IDTypeBank, IsNeraca) VALUES ('8d562995-0ff1-41c9-bf30-74de69c59d32', 'fafa4f6b-e6e1-40b9-8c37-9a332d73e4a1', NULL, 1, N'6-60500', N'Penyusutan - Bangunan', N'', 0, 0, NULL, NULL, NULL, 0, 0)
INSERT dbo.MAkun(ID, IDKlasAkun, IDParent, IDDepartemen, Kode, Nama, Keterangan, IDType, IsDebet, IsKasBank, NoRekening, AtasNamaRekening, IDTypeBank, IsNeraca) VALUES ('c96ee599-08fb-4483-a437-76d3d04aaf92', 'fafa4f6b-e6e1-40b9-8c37-9a332d73e4a1', NULL, 1, N'6-60400', N'Biaya Sewa - Bangunan', N'', 0, 0, NULL, NULL, NULL, 0, 0)
INSERT dbo.MAkun(ID, IDKlasAkun, IDParent, IDDepartemen, Kode, Nama, Keterangan, IDType, IsDebet, IsKasBank, NoRekening, AtasNamaRekening, IDTypeBank, IsNeraca) VALUES ('7cfdba48-5497-4e7d-bf97-775b53a4a515', '97620fd7-9bb5-4a4c-add0-5595a28335c1', NULL, 1, N'2-20502', N'Hutang Pajak - PPh 22', N'', 0, 0, NULL, NULL, NULL, 0, 1)
INSERT dbo.MAkun(ID, IDKlasAkun, IDParent, IDDepartemen, Kode, Nama, Keterangan, IDType, IsDebet, IsKasBank, NoRekening, AtasNamaRekening, IDTypeBank, IsNeraca) VALUES ('3690aff5-6bac-42d6-8296-7a041e4bce88', '97620fd7-9bb5-4a4c-add0-5595a28335c1', NULL, 1, N'2-20400', N'Hutang Bank', N'', 0, 0, NULL, NULL, NULL, 0, 1)
INSERT dbo.MAkun(ID, IDKlasAkun, IDParent, IDDepartemen, Kode, Nama, Keterangan, IDType, IsDebet, IsKasBank, NoRekening, AtasNamaRekening, IDTypeBank, IsNeraca) VALUES ('3125d7c7-9a2d-49a6-a155-7c7d3f752b05', 'ba07e7fc-38ee-43ef-95cd-3edd1fc1db88', NULL, 1, N'1-10756', N'Akumulasi Penyusutan - Aset Sewa Guna Usaha', N'', 0, 1, NULL, NULL, NULL, 0, 1)
INSERT dbo.MAkun(ID, IDKlasAkun, IDParent, IDDepartemen, Kode, Nama, Keterangan, IDType, IsDebet, IsKasBank, NoRekening, AtasNamaRekening, IDTypeBank, IsNeraca) VALUES ('6d5bdca0-8e40-441e-8aec-7ce1e9dbaa3c', 'c8778972-3568-486c-a098-1256e1e4b7d9', NULL, 1, N'1-10300', N'Piutang Lainnya', N'', 0, 1, NULL, NULL, NULL, 0, 1)
INSERT dbo.MAkun(ID, IDKlasAkun, IDParent, IDDepartemen, Kode, Nama, Keterangan, IDType, IsDebet, IsKasBank, NoRekening, AtasNamaRekening, IDTypeBank, IsNeraca) VALUES ('c5196ec8-6869-4cba-9694-7e56799dd6f8', 'fafa4f6b-e6e1-40b9-8c37-9a332d73e4a1', '25df4334-1885-4f52-91e8-05fbc740c572', 1, N'6-60218', N'Air', N'', 0, 0, NULL, NULL, NULL, 0, 0)
INSERT dbo.MAkun(ID, IDKlasAkun, IDParent, IDDepartemen, Kode, Nama, Keterangan, IDType, IsDebet, IsKasBank, NoRekening, AtasNamaRekening, IDTypeBank, IsNeraca) VALUES ('e9a5147c-a689-4374-aadd-821032290658', '62fadc5c-923f-4c96-af9a-cddf8f5e6013', NULL, 1, N'1-10101', N'Piutang Belum Ditagih', N'', 0, 1, NULL, NULL, NULL, 0, 1)
INSERT dbo.MAkun(ID, IDKlasAkun, IDParent, IDDepartemen, Kode, Nama, Keterangan, IDType, IsDebet, IsKasBank, NoRekening, AtasNamaRekening, IDTypeBank, IsNeraca) VALUES ('ff8f2e42-724a-41b7-8eb8-84997cf76a5c', '97620fd7-9bb5-4a4c-add0-5595a28335c1', NULL, 1, N'2-20399', N'Biaya Terhutang Lainnya', N'', 0, 0, NULL, NULL, NULL, 0, 1)
INSERT dbo.MAkun(ID, IDKlasAkun, IDParent, IDDepartemen, Kode, Nama, Keterangan, IDType, IsDebet, IsKasBank, NoRekening, AtasNamaRekening, IDTypeBank, IsNeraca) VALUES ('68999d8b-65de-4fa5-b014-85f47ffd2aae', '130bb3a6-74d1-40aa-be1f-97c2e8566581', 'b073ad71-5b07-434e-8e38-b35f431943a3', 1, N'7-70001', N'Pendapatan Bunga - Deposito', N'', 0, 0, NULL, NULL, NULL, 0, 0)
INSERT dbo.MAkun(ID, IDKlasAkun, IDParent, IDDepartemen, Kode, Nama, Keterangan, IDType, IsDebet, IsKasBank, NoRekening, AtasNamaRekening, IDTypeBank, IsNeraca) VALUES ('8a3c3db7-9594-443c-a18a-864c72c69c11', '97620fd7-9bb5-4a4c-add0-5595a28335c1', NULL, 1, N'2-20302', N'Bunga Terhutang', N'', 0, 0, NULL, NULL, NULL, 0, 1)
INSERT dbo.MAkun(ID, IDKlasAkun, IDParent, IDDepartemen, Kode, Nama, Keterangan, IDType, IsDebet, IsKasBank, NoRekening, AtasNamaRekening, IDTypeBank, IsNeraca) VALUES ('8181c7eb-7363-46f5-b184-8935a3eeac92', 'fafa4f6b-e6e1-40b9-8c37-9a332d73e4a1', '25df4334-1885-4f52-91e8-05fbc740c572', 1, N'6-60219', N'IPL', N'', 0, 0, NULL, NULL, NULL, 0, 0)
INSERT dbo.MAkun(ID, IDKlasAkun, IDParent, IDDepartemen, Kode, Nama, Keterangan, IDType, IsDebet, IsKasBank, NoRekening, AtasNamaRekening, IDTypeBank, IsNeraca) VALUES ('ed220c86-1783-46a9-acf1-8a0d35d04dec', '130bb3a6-74d1-40aa-be1f-97c2e8566581', 'b073ad71-5b07-434e-8e38-b35f431943a3', 1, N'7-70002', N'Pendapatan Komisi - Barang Konsinyasi', N'', 0, 0, NULL, NULL, NULL, 0, 0)
INSERT dbo.MAkun(ID, IDKlasAkun, IDParent, IDDepartemen, Kode, Nama, Keterangan, IDType, IsDebet, IsKasBank, NoRekening, AtasNamaRekening, IDTypeBank, IsNeraca) VALUES ('8c97f51d-f204-4137-9705-8ba1b0048585', '21b07be0-954d-43f3-9d58-cd7ac615878f', NULL, 1, N'1-10703', N'Aset Tetap - Kendaraan', N'', 0, 1, NULL, NULL, NULL, 0, 1)
INSERT dbo.MAkun(ID, IDKlasAkun, IDParent, IDDepartemen, Kode, Nama, Keterangan, IDType, IsDebet, IsKasBank, NoRekening, AtasNamaRekening, IDTypeBank, IsNeraca) VALUES ('229c1d33-15a7-4866-83aa-8dd87117f494', 'ba07e7fc-38ee-43ef-95cd-3edd1fc1db88', NULL, 1, N'1-10757', N'Akumulasi Amortisasi', N'', 0, 1, NULL, NULL, NULL, 0, 1)
INSERT dbo.MAkun(ID, IDKlasAkun, IDParent, IDDepartemen, Kode, Nama, Keterangan, IDType, IsDebet, IsKasBank, NoRekening, AtasNamaRekening, IDTypeBank, IsNeraca) VALUES ('8e5ec2d4-01e3-45da-a8ad-8f23adeb09ee', 'fafa4f6b-e6e1-40b9-8c37-9a332d73e4a1', 'c304caac-1241-4bd8-831a-cf9c45aae993', 1, N'6-60301', N'Alat Tulis Kantor & Printing', N'', 0, 0, NULL, NULL, NULL, 0, 0)
INSERT dbo.MAkun(ID, IDKlasAkun, IDParent, IDDepartemen, Kode, Nama, Keterangan, IDType, IsDebet, IsKasBank, NoRekening, AtasNamaRekening, IDTypeBank, IsNeraca) VALUES ('cd5fb184-b03b-435c-b286-91e9c3f0a157', '21b07be0-954d-43f3-9d58-cd7ac615878f', NULL, 1, N'1-10706', N'Aset Tetap - Aset Sewa Guna Usaha', N'', 0, 1, NULL, NULL, NULL, 0, 1)
INSERT dbo.MAkun(ID, IDKlasAkun, IDParent, IDDepartemen, Kode, Nama, Keterangan, IDType, IsDebet, IsKasBank, NoRekening, AtasNamaRekening, IDTypeBank, IsNeraca) VALUES ('0434caa7-5836-43f2-8f84-96a05e7f4a93', '21b07be0-954d-43f3-9d58-cd7ac615878f', NULL, 1, N'1-10700', N'Aset Tetap - Tanah', N'', 0, 1, NULL, NULL, NULL, 0, 1)
INSERT dbo.MAkun(ID, IDKlasAkun, IDParent, IDDepartemen, Kode, Nama, Keterangan, IDType, IsDebet, IsKasBank, NoRekening, AtasNamaRekening, IDTypeBank, IsNeraca) VALUES ('964f0374-1581-4cc6-9cff-97e076e7df54', '97620fd7-9bb5-4a4c-add0-5595a28335c1', NULL, 1, N'2-20601', N'Kewajiban Lancar Lainnya', N'', 0, 0, NULL, NULL, NULL, 0, 1)
INSERT dbo.MAkun(ID, IDKlasAkun, IDParent, IDDepartemen, Kode, Nama, Keterangan, IDType, IsDebet, IsKasBank, NoRekening, AtasNamaRekening, IDTypeBank, IsNeraca) VALUES ('8814cf58-227f-46ce-9d66-99345153ca5e', 'fafa4f6b-e6e1-40b9-8c37-9a332d73e4a1', 'c96ee599-08fb-4483-a437-76d3d04aaf92', 1, N'6-60403', N'Biaya Sewa - Lain - lain', N'', 0, 0, NULL, NULL, NULL, 0, 0)
INSERT dbo.MAkun(ID, IDKlasAkun, IDParent, IDDepartemen, Kode, Nama, Keterangan, IDType, IsDebet, IsKasBank, NoRekening, AtasNamaRekening, IDTypeBank, IsNeraca) VALUES ('6e667acb-c831-4896-a90b-9949e4f04090', 'c8778972-3568-486c-a098-1256e1e4b7d9', NULL, 1, N'1-10503', N'Pajak Dibayar Di Muka - PPh 25', N'', 0, 1, NULL, NULL, NULL, 0, 1)
INSERT dbo.MAkun(ID, IDKlasAkun, IDParent, IDDepartemen, Kode, Nama, Keterangan, IDType, IsDebet, IsKasBank, NoRekening, AtasNamaRekening, IDTypeBank, IsNeraca) VALUES ('ea443d59-dbab-4e19-8aca-9a1dc5235664', '6287c827-c1e8-4edd-980c-837e37ba9a78', NULL, 1, N'8-80999', N'Beban Lain - lain', N'', 0, 0, NULL, NULL, NULL, 0, 0)
INSERT dbo.MAkun(ID, IDKlasAkun, IDParent, IDDepartemen, Kode, Nama, Keterangan, IDType, IsDebet, IsKasBank, NoRekening, AtasNamaRekening, IDTypeBank, IsNeraca) VALUES ('b0c503b2-3c07-4bdf-a7bb-9c736ca5946a', '21b07be0-954d-43f3-9d58-cd7ac615878f', NULL, 1, N'1-10703', N'Aset Tetap - Kendaraan', N'', 0, 1, NULL, NULL, NULL, 0, 1)
INSERT dbo.MAkun(ID, IDKlasAkun, IDParent, IDDepartemen, Kode, Nama, Keterangan, IDType, IsDebet, IsKasBank, NoRekening, AtasNamaRekening, IDTypeBank, IsNeraca) VALUES ('58d44576-43bf-4822-9fcb-a2b0a76c2e45', '97620fd7-9bb5-4a4c-add0-5595a28335c1', NULL, 1, N'2-20504', N'Hutang Pajak - PPh 29', N'', 0, 0, NULL, NULL, NULL, 0, 1)
INSERT dbo.MAkun(ID, IDKlasAkun, IDParent, IDDepartemen, Kode, Nama, Keterangan, IDType, IsDebet, IsKasBank, NoRekening, AtasNamaRekening, IDTypeBank, IsNeraca) VALUES ('82e75ef8-8083-4444-9003-a3fbb343e08e', 'fafa4f6b-e6e1-40b9-8c37-9a332d73e4a1', '25df4334-1885-4f52-91e8-05fbc740c572', 1, N'6-60215', N'Denda', N'', 0, 0, NULL, NULL, NULL, 0, 0)
INSERT dbo.MAkun(ID, IDKlasAkun, IDParent, IDDepartemen, Kode, Nama, Keterangan, IDType, IsDebet, IsKasBank, NoRekening, AtasNamaRekening, IDTypeBank, IsNeraca) VALUES ('488ce967-d8b3-4b73-9061-a452ce0ccf25', 'fafa4f6b-e6e1-40b9-8c37-9a332d73e4a1', '25df4334-1885-4f52-91e8-05fbc740c572', 1, N'6-60210', N'Beban Manfaat Karyawan', N'', 0, 0, NULL, NULL, NULL, 0, 0)
INSERT dbo.MAkun(ID, IDKlasAkun, IDParent, IDDepartemen, Kode, Nama, Keterangan, IDType, IsDebet, IsKasBank, NoRekening, AtasNamaRekening, IDTypeBank, IsNeraca) VALUES ('0b2114de-9229-48bf-a1e7-a68cfb63a1dd', 'fafa4f6b-e6e1-40b9-8c37-9a332d73e4a1', '774d02a9-08de-4ef4-81af-65e488ebabb4', 1, N'6-60110', N'Manfaat dan Tunjangan Lain', N'', 0, 0, NULL, NULL, NULL, 0, 0)
INSERT dbo.MAkun(ID, IDKlasAkun, IDParent, IDDepartemen, Kode, Nama, Keterangan, IDType, IsDebet, IsKasBank, NoRekening, AtasNamaRekening, IDTypeBank, IsNeraca) VALUES ('bf586c51-90ba-4267-9c5d-a74145d00a5b', 'c8778972-3568-486c-a098-1256e1e4b7d9', NULL, 1, N'1-10403', N'Uang Muka', N'', 0, 1, NULL, NULL, NULL, 0, 1)
INSERT dbo.MAkun(ID, IDKlasAkun, IDParent, IDDepartemen, Kode, Nama, Keterangan, IDType, IsDebet, IsKasBank, NoRekening, AtasNamaRekening, IDTypeBank, IsNeraca) VALUES ('06d5be27-98e8-405f-8796-a9124eeecbd1', 'fafa4f6b-e6e1-40b9-8c37-9a332d73e4a1', 'a2795c8d-1466-4647-9a2e-bb19f89ad2f4', 1, N'6-60004', N'Perjalanan Dinas - Penjualan', N'', 0, 0, NULL, NULL, NULL, 0, 0)
INSERT dbo.MAkun(ID, IDKlasAkun, IDParent, IDDepartemen, Kode, Nama, Keterangan, IDType, IsDebet, IsKasBank, NoRekening, AtasNamaRekening, IDTypeBank, IsNeraca) VALUES ('43c1350c-a6b1-4188-b75f-a944d569d507', '62fadc5c-923f-4c96-af9a-cddf8f5e6013', NULL, 1, N'1-10100', N'Piutang Usaha', N'', 0, 1, NULL, NULL, NULL, 0, 1)
INSERT dbo.MAkun(ID, IDKlasAkun, IDParent, IDDepartemen, Kode, Nama, Keterangan, IDType, IsDebet, IsKasBank, NoRekening, AtasNamaRekening, IDTypeBank, IsNeraca) VALUES ('1169848a-cfdd-488b-ae9c-ad05817be49c', '6287c827-c1e8-4edd-980c-837e37ba9a78', NULL, 1, N'8-80100', N'Penyesuaian Persediaan', N'', 0, 0, NULL, NULL, NULL, 0, 0)
INSERT dbo.MAkun(ID, IDKlasAkun, IDParent, IDDepartemen, Kode, Nama, Keterangan, IDType, IsDebet, IsKasBank, NoRekening, AtasNamaRekening, IDTypeBank, IsNeraca) VALUES ('640d1e04-cc72-433f-b441-ad401624b61a', '07be4329-0f11-4bf4-ac4d-7987055e6d53', NULL, 1, N'3-30999', N'Ekuitas Saldo Awal', N'', 0, 0, NULL, NULL, NULL, 0, 1)
INSERT dbo.MAkun(ID, IDKlasAkun, IDParent, IDDepartemen, Kode, Nama, Keterangan, IDType, IsDebet, IsKasBank, NoRekening, AtasNamaRekening, IDTypeBank, IsNeraca) VALUES ('9dcb2d8a-1537-4712-ad8a-ae0881f2025d', 'ba07e7fc-38ee-43ef-95cd-3edd1fc1db88', NULL, 1, N'1-10756', N'Akumulasi Penyusutan - Aset Sewa Guna Usaha', N'', 0, 1, NULL, NULL, NULL, 0, 1)
INSERT dbo.MAkun(ID, IDKlasAkun, IDParent, IDDepartemen, Kode, Nama, Keterangan, IDType, IsDebet, IsKasBank, NoRekening, AtasNamaRekening, IDTypeBank, IsNeraca) VALUES ('75fba00b-f0d6-4426-9ebc-ae482a061bdd', 'ba07e7fc-38ee-43ef-95cd-3edd1fc1db88', NULL, 1, N'1-10754', N'Akumulasi Penyusutan - Mesin & Peralatan', N'', 0, 1, NULL, NULL, NULL, 0, 1)
INSERT dbo.MAkun(ID, IDKlasAkun, IDParent, IDDepartemen, Kode, Nama, Keterangan, IDType, IsDebet, IsKasBank, NoRekening, AtasNamaRekening, IDTypeBank, IsNeraca) VALUES ('b063f3d9-5930-4a3a-af2c-afcf3341f24b', '21b07be0-954d-43f3-9d58-cd7ac615878f', NULL, 1, N'1-10701', N'Aset Tetap - Bangunan', N'', 0, 1, NULL, NULL, NULL, 0, 1)
INSERT dbo.MAkun(ID, IDKlasAkun, IDParent, IDDepartemen, Kode, Nama, Keterangan, IDType, IsDebet, IsKasBank, NoRekening, AtasNamaRekening, IDTypeBank, IsNeraca) VALUES ('cbbbb197-f28d-489f-828e-b24dde6e2800', 'fafa4f6b-e6e1-40b9-8c37-9a332d73e4a1', 'a2795c8d-1466-4647-9a2e-bb19f89ad2f4', 1, N'6-60001', N'Iklan & Promosi', N'', 0, 0, NULL, NULL, NULL, 0, 0)
INSERT dbo.MAkun(ID, IDKlasAkun, IDParent, IDDepartemen, Kode, Nama, Keterangan, IDType, IsDebet, IsKasBank, NoRekening, AtasNamaRekening, IDTypeBank, IsNeraca) VALUES ('b073ad71-5b07-434e-8e38-b35f431943a3', '130bb3a6-74d1-40aa-be1f-97c2e8566581', NULL, 1, N'7-70000', N'Pendapatan Bunga - Bank', N'', 0, 0, NULL, NULL, NULL, 0, 0)
INSERT dbo.MAkun(ID, IDKlasAkun, IDParent, IDDepartemen, Kode, Nama, Keterangan, IDType, IsDebet, IsKasBank, NoRekening, AtasNamaRekening, IDTypeBank, IsNeraca) VALUES ('1893452c-5920-40b9-83fa-b408eb93a522', 'a937c0d2-33bc-4771-a8c9-074a9ee42051', NULL, 1, N'2-20100', N'Hutang Usaha', N'', 0, 0, NULL, NULL, NULL, 0, 1)
INSERT dbo.MAkun(ID, IDKlasAkun, IDParent, IDDepartemen, Kode, Nama, Keterangan, IDType, IsDebet, IsKasBank, NoRekening, AtasNamaRekening, IDTypeBank, IsNeraca) VALUES ('15fd549b-c281-42af-81a0-b5c2b4e248dd', 'fafa4f6b-e6e1-40b9-8c37-9a332d73e4a1', '8d562995-0ff1-41c9-bf30-74de69c59d32', 1, N'6-60599', N'Penyusutan - Aset Sewa Guna Usaha', N'', 0, 0, NULL, NULL, NULL, 0, 0)
INSERT dbo.MAkun(ID, IDKlasAkun, IDParent, IDDepartemen, Kode, Nama, Keterangan, IDType, IsDebet, IsKasBank, NoRekening, AtasNamaRekening, IDTypeBank, IsNeraca) VALUES ('0b194c75-9f1d-4826-843b-ba256fb50724', 'fafa4f6b-e6e1-40b9-8c37-9a332d73e4a1', '25df4334-1885-4f52-91e8-05fbc740c572', 1, N'6-60205', N'Makanan', N'', 0, 0, NULL, NULL, NULL, 0, 0)
INSERT dbo.MAkun(ID, IDKlasAkun, IDParent, IDDepartemen, Kode, Nama, Keterangan, IDType, IsDebet, IsKasBank, NoRekening, AtasNamaRekening, IDTypeBank, IsNeraca) VALUES ('6637a538-ef69-4e68-b43b-bb1597e656df', 'c8778972-3568-486c-a098-1256e1e4b7d9', NULL, 1, N'1-10502', N'Pajak Dibayar Di Muka - PPh 23', N'', 0, 1, NULL, NULL, NULL, 0, 1)
INSERT dbo.MAkun(ID, IDKlasAkun, IDParent, IDDepartemen, Kode, Nama, Keterangan, IDType, IsDebet, IsKasBank, NoRekening, AtasNamaRekening, IDTypeBank, IsNeraca) VALUES ('a2795c8d-1466-4647-9a2e-bb19f89ad2f4', 'fafa4f6b-e6e1-40b9-8c37-9a332d73e4a1', NULL, 1, N'6-60000', N'Biaya Penjualan', N'', 0, 0, NULL, NULL, NULL, 0, 0)
INSERT dbo.MAkun(ID, IDKlasAkun, IDParent, IDDepartemen, Kode, Nama, Keterangan, IDType, IsDebet, IsKasBank, NoRekening, AtasNamaRekening, IDTypeBank, IsNeraca) VALUES ('d0423df4-9d8b-4f54-887a-bc6194f3727f', '21b07be0-954d-43f3-9d58-cd7ac615878f', NULL, 1, N'1-10704', N'Aset Tetap - Mesin & Peralatan', N'', 0, 1, NULL, NULL, NULL, 0, 1)
INSERT dbo.MAkun(ID, IDKlasAkun, IDParent, IDDepartemen, Kode, Nama, Keterangan, IDType, IsDebet, IsKasBank, NoRekening, AtasNamaRekening, IDTypeBank, IsNeraca) VALUES ('bbeae96f-acfb-4e0e-ad07-bd623a4a2cce', '490fa648-4575-4700-844f-1b9a7d4872ff', NULL, 1, N'1-10200', N'Persediaan Barang', N'', 0, 1, NULL, NULL, NULL, 0, 1)
INSERT dbo.MAkun(ID, IDKlasAkun, IDParent, IDDepartemen, Kode, Nama, Keterangan, IDType, IsDebet, IsKasBank, NoRekening, AtasNamaRekening, IDTypeBank, IsNeraca) VALUES ('e1c354a4-47a9-4234-9a70-bfcfb6fe69f9', 'fafa4f6b-e6e1-40b9-8c37-9a332d73e4a1', '25df4334-1885-4f52-91e8-05fbc740c572', 1, N'6-60212', N'Pelatihan & Pengembangan', N'', 0, 0, NULL, NULL, NULL, 0, 0)
INSERT dbo.MAkun(ID, IDKlasAkun, IDParent, IDDepartemen, Kode, Nama, Keterangan, IDType, IsDebet, IsKasBank, NoRekening, AtasNamaRekening, IDTypeBank, IsNeraca) VALUES ('71df9baa-9eaa-4396-bbbc-c0055bf5678a', '21b07be0-954d-43f3-9d58-cd7ac615878f', NULL, 1, N'1-10707', N'Aset Tak Berwujud', N'', 0, 1, NULL, NULL, NULL, 0, 1)
INSERT dbo.MAkun(ID, IDKlasAkun, IDParent, IDDepartemen, Kode, Nama, Keterangan, IDType, IsDebet, IsKasBank, NoRekening, AtasNamaRekening, IDTypeBank, IsNeraca) VALUES ('b5ba2f0b-e14b-48d2-9582-c35c060547e9', '21b07be0-954d-43f3-9d58-cd7ac615878f', NULL, 1, N'1-10700', N'Aset Tetap - Tanah', N'', 0, 1, NULL, NULL, NULL, 0, 1)
INSERT dbo.MAkun(ID, IDKlasAkun, IDParent, IDDepartemen, Kode, Nama, Keterangan, IDType, IsDebet, IsKasBank, NoRekening, AtasNamaRekening, IDTypeBank, IsNeraca) VALUES ('db09726b-c318-491c-a867-c60702f08677', 'a937c0d2-33bc-4771-a8c9-074a9ee42051', NULL, 1, N'2-20101', N'Hutang Belum Ditagih', N'', 0, 0, NULL, NULL, NULL, 0, 1)
INSERT dbo.MAkun(ID, IDKlasAkun, IDParent, IDDepartemen, Kode, Nama, Keterangan, IDType, IsDebet, IsKasBank, NoRekening, AtasNamaRekening, IDTypeBank, IsNeraca) VALUES ('223f4845-741b-4f0c-9a9f-c90726da7734', '62fadc5c-923f-4c96-af9a-cddf8f5e6013', NULL, 1, N'1-10102', N'Cadangan Kerugian Piutang', N'', 0, 1, NULL, NULL, NULL, 0, 1)
INSERT dbo.MAkun(ID, IDKlasAkun, IDParent, IDDepartemen, Kode, Nama, Keterangan, IDType, IsDebet, IsKasBank, NoRekening, AtasNamaRekening, IDTypeBank, IsNeraca) VALUES ('41ee2500-8acf-45fd-8569-c931339a6b3f', 'fafa4f6b-e6e1-40b9-8c37-9a332d73e4a1', '25df4334-1885-4f52-91e8-05fbc740c572', 1, N'6-60220', N'Langganan Software', N'', 0, 0, NULL, NULL, NULL, 0, 0)
INSERT dbo.MAkun(ID, IDKlasAkun, IDParent, IDDepartemen, Kode, Nama, Keterangan, IDType, IsDebet, IsKasBank, NoRekening, AtasNamaRekening, IDTypeBank, IsNeraca) VALUES ('09505736-2255-4711-a80c-ca358ba4e951', '97620fd7-9bb5-4a4c-add0-5595a28335c1', NULL, 1, N'2-20501', N'Hutang Pajak - PPh 21', N'', 0, 0, NULL, NULL, NULL, 0, 1)
INSERT dbo.MAkun(ID, IDKlasAkun, IDParent, IDDepartemen, Kode, Nama, Keterangan, IDType, IsDebet, IsKasBank, NoRekening, AtasNamaRekening, IDTypeBank, IsNeraca) VALUES ('58b9f332-bcba-4c83-851c-cbc5ae31703d', 'ba07e7fc-38ee-43ef-95cd-3edd1fc1db88', NULL, 1, N'1-10752', N'Akumulasi Penyusutan - Building Improvements', N'', 0, 1, NULL, NULL, NULL, 0, 1)
INSERT dbo.MAkun(ID, IDKlasAkun, IDParent, IDDepartemen, Kode, Nama, Keterangan, IDType, IsDebet, IsKasBank, NoRekening, AtasNamaRekening, IDTypeBank, IsNeraca) VALUES ('8b4d6066-b138-49ad-91f8-cd8b288d5326', 'c8778972-3568-486c-a098-1256e1e4b7d9', NULL, 1, N'1-10301', N'Piutang Karyawan', N'', 0, 1, NULL, NULL, NULL, 0, 1)
INSERT dbo.MAkun(ID, IDKlasAkun, IDParent, IDDepartemen, Kode, Nama, Keterangan, IDType, IsDebet, IsKasBank, NoRekening, AtasNamaRekening, IDTypeBank, IsNeraca) VALUES ('4f002808-26e5-4ee7-bb7b-cf63767b97b6', '202ed6ce-8281-4ce3-856c-be8c8ea5121a', NULL, 1, N'4-40100', N'Diskon Penjualan', N'', 0, 0, NULL, NULL, NULL, 0, 0)
INSERT dbo.MAkun(ID, IDKlasAkun, IDParent, IDDepartemen, Kode, Nama, Keterangan, IDType, IsDebet, IsKasBank, NoRekening, AtasNamaRekening, IDTypeBank, IsNeraca) VALUES ('c304caac-1241-4bd8-831a-cf9c45aae993', 'fafa4f6b-e6e1-40b9-8c37-9a332d73e4a1', NULL, 1, N'6-60300', N'Beban Kantor', N'', 0, 0, NULL, NULL, NULL, 0, 0)
INSERT dbo.MAkun(ID, IDKlasAkun, IDParent, IDDepartemen, Kode, Nama, Keterangan, IDType, IsDebet, IsKasBank, NoRekening, AtasNamaRekening, IDTypeBank, IsNeraca) VALUES ('7615c798-1a38-476c-8318-d01f23ef4d5b', 'fafa4f6b-e6e1-40b9-8c37-9a332d73e4a1', 'c304caac-1241-4bd8-831a-cf9c45aae993', 1, N'6-60304', N'Supplies dan Material', N'', 0, 0, NULL, NULL, NULL, 0, 0)
INSERT dbo.MAkun(ID, IDKlasAkun, IDParent, IDDepartemen, Kode, Nama, Keterangan, IDType, IsDebet, IsKasBank, NoRekening, AtasNamaRekening, IDTypeBank, IsNeraca) VALUES ('8e211ee8-3a50-467a-927e-d287cd27abad', 'fafa4f6b-e6e1-40b9-8c37-9a332d73e4a1', 'c304caac-1241-4bd8-831a-cf9c45aae993', 1, N'6-60303', N'Keamanan dan Kebersihan', N'', 0, 0, NULL, NULL, NULL, 0, 0)
INSERT dbo.MAkun(ID, IDKlasAkun, IDParent, IDDepartemen, Kode, Nama, Keterangan, IDType, IsDebet, IsKasBank, NoRekening, AtasNamaRekening, IDTypeBank, IsNeraca) VALUES ('ebb6dfb7-3aa3-47dd-953c-d43b90372ab5', '130bb3a6-74d1-40aa-be1f-97c2e8566581', 'b073ad71-5b07-434e-8e38-b35f431943a3', 1, N'7-70099', N'Pendapatan Lain - lain', N'', 0, 0, NULL, NULL, NULL, 0, 0)
INSERT dbo.MAkun(ID, IDKlasAkun, IDParent, IDDepartemen, Kode, Nama, Keterangan, IDType, IsDebet, IsKasBank, NoRekening, AtasNamaRekening, IDTypeBank, IsNeraca) VALUES ('1390566f-770b-4ac1-aa6f-d57eda184861', 'ba07e7fc-38ee-43ef-95cd-3edd1fc1db88', NULL, 1, N'1-10757', N'Akumulasi Amortisasi', N'', 0, 1, NULL, NULL, NULL, 0, 1)
INSERT dbo.MAkun(ID, IDKlasAkun, IDParent, IDDepartemen, Kode, Nama, Keterangan, IDType, IsDebet, IsKasBank, NoRekening, AtasNamaRekening, IDTypeBank, IsNeraca) VALUES ('7fff481c-7e17-4db1-8d21-d6d9b514e919', '21b07be0-954d-43f3-9d58-cd7ac615878f', NULL, 1, N'1-10705', N'Aset Tetap - Perlengkapan Kantor', N'', 0, 1, NULL, NULL, NULL, 0, 1)
INSERT dbo.MAkun(ID, IDKlasAkun, IDParent, IDDepartemen, Kode, Nama, Keterangan, IDType, IsDebet, IsKasBank, NoRekening, AtasNamaRekening, IDTypeBank, IsNeraca) VALUES ('78f260c0-37f0-4d01-8dbe-d755ddf4e7fc', '21b07be0-954d-43f3-9d58-cd7ac615878f', NULL, 1, N'1-10707', N'Aset Tak Berwujud', N'', 0, 1, NULL, NULL, NULL, 0, 1)
INSERT dbo.MAkun(ID, IDKlasAkun, IDParent, IDDepartemen, Kode, Nama, Keterangan, IDType, IsDebet, IsKasBank, NoRekening, AtasNamaRekening, IDTypeBank, IsNeraca) VALUES ('a773b24e-427e-4845-bb35-d8f1215fac3e', '6287c827-c1e8-4edd-980c-837e37ba9a78', NULL, 1, N'8-80001', N'Provisi', N'', 0, 0, NULL, NULL, NULL, 0, 0)
INSERT dbo.MAkun(ID, IDKlasAkun, IDParent, IDDepartemen, Kode, Nama, Keterangan, IDType, IsDebet, IsKasBank, NoRekening, AtasNamaRekening, IDTypeBank, IsNeraca) VALUES ('0c5c5c07-887c-4162-8579-da0586db74c8', '07be4329-0f11-4bf4-ac4d-7987055e6d53', NULL, 1, N'3-30200', N'Deviden', N'', 0, 0, NULL, NULL, NULL, 0, 1)
INSERT dbo.MAkun(ID, IDKlasAkun, IDParent, IDDepartemen, Kode, Nama, Keterangan, IDType, IsDebet, IsKasBank, NoRekening, AtasNamaRekening, IDTypeBank, IsNeraca) VALUES ('19b7f167-8512-4674-8156-daf8550ca53d', '21b07be0-954d-43f3-9d58-cd7ac615878f', NULL, 1, N'1-10704', N'Aset Tetap - Mesin & Peralatan', N'', 0, 1, NULL, NULL, NULL, 0, 1)
INSERT dbo.MAkun(ID, IDKlasAkun, IDParent, IDDepartemen, Kode, Nama, Keterangan, IDType, IsDebet, IsKasBank, NoRekening, AtasNamaRekening, IDTypeBank, IsNeraca) VALUES ('3863b79d-b1cb-4d87-bf6b-dd67fafe4569', 'c8778972-3568-486c-a098-1256e1e4b7d9', NULL, 1, N'1-10501', N'Pajak Dibayar Di Muka - PPh 22', N'', 0, 1, NULL, NULL, NULL, 0, 1)
INSERT dbo.MAkun(ID, IDKlasAkun, IDParent, IDDepartemen, Kode, Nama, Keterangan, IDType, IsDebet, IsKasBank, NoRekening, AtasNamaRekening, IDTypeBank, IsNeraca) VALUES ('75c817df-dac1-4009-bef7-e21f52f7ce7e', 'fafa4f6b-e6e1-40b9-8c37-9a332d73e4a1', '774d02a9-08de-4ef4-81af-65e488ebabb4', 1, N'6-60101', N'Gaji', N'', 0, 0, NULL, NULL, NULL, 0, 0)
INSERT dbo.MAkun(ID, IDKlasAkun, IDParent, IDDepartemen, Kode, Nama, Keterangan, IDType, IsDebet, IsKasBank, NoRekening, AtasNamaRekening, IDTypeBank, IsNeraca) VALUES ('29a24a46-5185-4ef6-91f1-e23515a5beb8', 'fafa4f6b-e6e1-40b9-8c37-9a332d73e4a1', '25df4334-1885-4f52-91e8-05fbc740c572', 1, N'6-60216', N'Pengeluaran Barang Rusak', N'', 0, 0, NULL, NULL, NULL, 0, 0)
INSERT dbo.MAkun(ID, IDKlasAkun, IDParent, IDDepartemen, Kode, Nama, Keterangan, IDType, IsDebet, IsKasBank, NoRekening, AtasNamaRekening, IDTypeBank, IsNeraca) VALUES ('ebd2ad44-1b33-43aa-9099-e2ba0540d9e7', 'fafa4f6b-e6e1-40b9-8c37-9a332d73e4a1', 'a2795c8d-1466-4647-9a2e-bb19f89ad2f4', 1, N'6-60005', N'Komunikasi - Penjualan', N'', 0, 0, NULL, NULL, NULL, 0, 0)
INSERT dbo.MAkun(ID, IDKlasAkun, IDParent, IDDepartemen, Kode, Nama, Keterangan, IDType, IsDebet, IsKasBank, NoRekening, AtasNamaRekening, IDTypeBank, IsNeraca) VALUES ('cc91b040-6ca9-436d-88e6-e406eba5722a', '130bb3a6-74d1-40aa-be1f-97c2e8566581', 'b073ad71-5b07-434e-8e38-b35f431943a3', 1, N'7-70003', N'Pembulatan', N'', 0, 0, NULL, NULL, NULL, 0, 0)
INSERT dbo.MAkun(ID, IDKlasAkun, IDParent, IDDepartemen, Kode, Nama, Keterangan, IDType, IsDebet, IsKasBank, NoRekening, AtasNamaRekening, IDTypeBank, IsNeraca) VALUES ('1af90cdf-7b04-4265-9256-e6ee75cfdcd1', 'fafa4f6b-e6e1-40b9-8c37-9a332d73e4a1', 'a2795c8d-1466-4647-9a2e-bb19f89ad2f4', 1, N'6-60003', N'Bensin, Tol dan Parkir - Penjualan', N'', 0, 0, NULL, NULL, NULL, 0, 0)
INSERT dbo.MAkun(ID, IDKlasAkun, IDParent, IDDepartemen, Kode, Nama, Keterangan, IDType, IsDebet, IsKasBank, NoRekening, AtasNamaRekening, IDTypeBank, IsNeraca) VALUES ('522f1812-dc92-4368-8b2b-e7415859fe83', '07be4329-0f11-4bf4-ac4d-7987055e6d53', NULL, 1, N'3-30100', N'Laba Ditahan', N'', 0, 0, NULL, NULL, NULL, 0, 1)
INSERT dbo.MAkun(ID, IDKlasAkun, IDParent, IDDepartemen, Kode, Nama, Keterangan, IDType, IsDebet, IsKasBank, NoRekening, AtasNamaRekening, IDTypeBank, IsNeraca) VALUES ('b640c103-aea6-4c32-960d-e74c5626fb15', '97620fd7-9bb5-4a4c-add0-5595a28335c1', NULL, 1, N'2-20205', N'Hutang Konsinyasi', N'', 0, 0, NULL, NULL, NULL, 0, 1)
INSERT dbo.MAkun(ID, IDKlasAkun, IDParent, IDDepartemen, Kode, Nama, Keterangan, IDType, IsDebet, IsKasBank, NoRekening, AtasNamaRekening, IDTypeBank, IsNeraca) VALUES ('f9e40e0b-084a-4921-bb33-e79df2f915ac', 'fafa4f6b-e6e1-40b9-8c37-9a332d73e4a1', '25df4334-1885-4f52-91e8-05fbc740c572', 1, N'6-60206', N'Komunikasi - Umum', N'', 0, 0, NULL, NULL, NULL, 0, 0)
INSERT dbo.MAkun(ID, IDKlasAkun, IDParent, IDDepartemen, Kode, Nama, Keterangan, IDType, IsDebet, IsKasBank, NoRekening, AtasNamaRekening, IDTypeBank, IsNeraca) VALUES ('e9c6eb60-4d31-4e5b-ba50-e7edc1ddaca9', 'b5375610-13d0-4e17-981a-bf5e18dccf4d', NULL, 1, N'5-50000', N'Beban Pokok Pendapatan', N'', 0, 0, NULL, NULL, NULL, 0, 0)
INSERT dbo.MAkun(ID, IDKlasAkun, IDParent, IDDepartemen, Kode, Nama, Keterangan, IDType, IsDebet, IsKasBank, NoRekening, AtasNamaRekening, IDTypeBank, IsNeraca) VALUES ('feb7be77-2e0f-4ae3-a7f8-ea4a30546229', 'fafa4f6b-e6e1-40b9-8c37-9a332d73e4a1', '25df4334-1885-4f52-91e8-05fbc740c572', 1, N'6-60204', N'Perjalanan Dinas - Umum', N'', 0, 0, NULL, NULL, NULL, 0, 0)
INSERT dbo.MAkun(ID, IDKlasAkun, IDParent, IDDepartemen, Kode, Nama, Keterangan, IDType, IsDebet, IsKasBank, NoRekening, AtasNamaRekening, IDTypeBank, IsNeraca) VALUES ('58fddbfa-80aa-491d-9479-eb2ab2705dc8', 'ba07e7fc-38ee-43ef-95cd-3edd1fc1db88', NULL, 1, N'1-10752', N'Akumulasi Penyusutan - Building Improvements', N'', 0, 1, NULL, NULL, NULL, 0, 1)
INSERT dbo.MAkun(ID, IDKlasAkun, IDParent, IDDepartemen, Kode, Nama, Keterangan, IDType, IsDebet, IsKasBank, NoRekening, AtasNamaRekening, IDTypeBank, IsNeraca) VALUES ('c9c61be2-ccbe-456b-b436-eb5dfd36d77a', 'c8778972-3568-486c-a098-1256e1e4b7d9', NULL, 1, N'1-10503', N'Pajak Dibayar Di Muka - PPh 25', N'', 0, 1, NULL, NULL, NULL, 0, 1)
INSERT dbo.MAkun(ID, IDKlasAkun, IDParent, IDDepartemen, Kode, Nama, Keterangan, IDType, IsDebet, IsKasBank, NoRekening, AtasNamaRekening, IDTypeBank, IsNeraca) VALUES ('afd4e902-4672-4462-9d6e-efc0bb29dbec', 'c8778972-3568-486c-a098-1256e1e4b7d9', NULL, 1, N'1-10402', N'Biaya Dibayar Di Muka', N'', 0, 1, NULL, NULL, NULL, 0, 1)
INSERT dbo.MAkun(ID, IDKlasAkun, IDParent, IDDepartemen, Kode, Nama, Keterangan, IDType, IsDebet, IsKasBank, NoRekening, AtasNamaRekening, IDTypeBank, IsNeraca) VALUES ('6f998173-ad0d-4130-aaba-f17a1aa58836', 'fafa4f6b-e6e1-40b9-8c37-9a332d73e4a1', '8d562995-0ff1-41c9-bf30-74de69c59d32', 1, N'6-60503', N'Penyusutan - Mesin & Peralatan', N'', 0, 0, NULL, NULL, NULL, 0, 0)
INSERT dbo.MAkun(ID, IDKlasAkun, IDParent, IDDepartemen, Kode, Nama, Keterangan, IDType, IsDebet, IsKasBank, NoRekening, AtasNamaRekening, IDTypeBank, IsNeraca) VALUES ('c5bc6fad-ed8b-437b-99c9-f2c58ff8d7f2', 'fafa4f6b-e6e1-40b9-8c37-9a332d73e4a1', '25df4334-1885-4f52-91e8-05fbc740c572', 1, N'6-60213', N'Beban Piutang Tak Tertagih', N'', 0, 0, NULL, NULL, NULL, 0, 0)
INSERT dbo.MAkun(ID, IDKlasAkun, IDParent, IDDepartemen, Kode, Nama, Keterangan, IDType, IsDebet, IsKasBank, NoRekening, AtasNamaRekening, IDTypeBank, IsNeraca) VALUES ('760218ed-75e9-4c22-8e0c-f2d7e38ea70e', 'fafa4f6b-e6e1-40b9-8c37-9a332d73e4a1', 'c304caac-1241-4bd8-831a-cf9c45aae993', 1, N'6-60302', N'Bea Materai', N'', 0, 0, NULL, NULL, NULL, 0, 0)
INSERT dbo.MAkun(ID, IDKlasAkun, IDParent, IDDepartemen, Kode, Nama, Keterangan, IDType, IsDebet, IsKasBank, NoRekening, AtasNamaRekening, IDTypeBank, IsNeraca) VALUES ('c662f675-61d7-439d-8fb5-f42ea4a49c9a', 'fafa4f6b-e6e1-40b9-8c37-9a332d73e4a1', '774d02a9-08de-4ef4-81af-65e488ebabb4', 1, N'6-60107', N'Jamsostek', N'', 0, 0, NULL, NULL, NULL, 0, 0)
INSERT dbo.MAkun(ID, IDKlasAkun, IDParent, IDDepartemen, Kode, Nama, Keterangan, IDType, IsDebet, IsKasBank, NoRekening, AtasNamaRekening, IDTypeBank, IsNeraca) VALUES ('892488f5-b59e-4763-a3ec-f7cfe158c075', 'ba07e7fc-38ee-43ef-95cd-3edd1fc1db88', NULL, 1, N'1-10751', N'Akumulasi Penyusutan - Bangunan', N'', 0, 1, NULL, NULL, NULL, 0, 1)
INSERT dbo.MAkun(ID, IDKlasAkun, IDParent, IDDepartemen, Kode, Nama, Keterangan, IDType, IsDebet, IsKasBank, NoRekening, AtasNamaRekening, IDTypeBank, IsNeraca) VALUES ('9709b796-5588-4425-b302-fd7e89d14839', '704384af-a23e-4b85-83db-af24866c9642', NULL, 1, N'1-10001', N'Kas', N'', 0, 1, 1, NULL, NULL, 0, 1)
GO